{
  "SchemaVersion": 2,
  "ArtifactName": "linuxserver/nginx:latest",
  "ArtifactType": "container_image",
  "Metadata": {
    "OS": {
      "Family": "alpine",
      "Name": "3.18.4"
    },
    "ImageID": "sha256:3a6addeb603e69670d72259e3386a2143fc85ed8c9d88301b5d75cc2357ff8b1",
    "DiffIDs": [
      "sha256:3afe988d205cd028780177debb07634c12409bae224e1f49aae85735830bbb02",
      "sha256:c185a7702ea002a28954b8f61b268f6b90a632412d3c85498e4283149c78c409",
      "sha256:05efe2ff15bb3098a2e14eb19aef7d4b69e7f3648413040984b4415ef5792ccd",
      "sha256:0e6bedd30a8405c0601758d3863293638f340c35b350ac158d07bd27f3486d99",
      "sha256:7080c8ca9889875c0c01f8d276070c1cb547c6386abf1e564eace986b1035814",
      "sha256:7d0540b620510fb650d8d56cd79ad995453d6c215f924b060384339dad85e3a7",
      "sha256:af82673adbc702b1ecb6996d4eb1fd805cd1b3924b8366ca6fa5032ea6a3a06d",
      "sha256:2cd389cc1f617c369385282137be2d9b51e3a7e42437b8fb5e2fa94eae6f3299"
    ],
    "RepoTags": [
      "linuxserver/nginx:latest"
    ],
    "RepoDigests": [
      "linuxserver/nginx@sha256:03d3fa479c2808b1cd2eabadae38fb2777971d392dbd628c34374e925baca9b4"
    ],
    "ImageConfig": {
      "architecture": "amd64",
      "created": "2023-11-16T04:25:47.940080611Z",
      "history": [
        {
          "created": "2023-11-02T21:14:06Z",
          "created_by": "COPY /root-out/ / # buildkit",
          "comment": "buildkit.dockerfile.v0"
        },
        {
          "created": "2023-11-02T21:14:06Z",
          "created_by": "ARG BUILD_DATE",
          "comment": "buildkit.dockerfile.v0",
          "empty_layer": true
        },
        {
          "created": "2023-11-02T21:14:06Z",
          "created_by": "ARG VERSION",
          "comment": "buildkit.dockerfile.v0",
          "empty_layer": true
        },
        {
          "created": "2023-11-02T21:14:06Z",
          "created_by": "ARG MODS_VERSION=v3",
          "comment": "buildkit.dockerfile.v0",
          "empty_layer": true
        },
        {
          "created": "2023-11-02T21:14:06Z",
          "created_by": "ARG PKG_INST_VERSION=v1",
          "comment": "buildkit.dockerfile.v0",
          "empty_layer": true
        },
        {
          "created": "2023-11-02T21:14:06Z",
          "created_by": "LABEL build_version=Linuxserver.io version:- 7c68c58f-ls25 Build-date:- 2023-11-02T21:12:55+00:00",
          "comment": "buildkit.dockerfile.v0",
          "empty_layer": true
        },
        {
          "created": "2023-11-02T21:14:06Z",
          "created_by": "LABEL maintainer=TheLamer",
          "comment": "buildkit.dockerfile.v0",
          "empty_layer": true
        },
        {
          "created": "2023-11-02T21:14:06Z",
          "created_by": "ADD https://raw.githubusercontent.com/linuxserver/docker-mods/mod-scripts/docker-mods.v3 /docker-mods # buildkit",
          "comment": "buildkit.dockerfile.v0"
        },
        {
          "created": "2023-11-02T21:14:07Z",
          "created_by": "ADD https://raw.githubusercontent.com/linuxserver/docker-mods/mod-scripts/package-install.v1 /etc/s6-overlay/s6-rc.d/init-mods-package-install/run # buildkit",
          "comment": "buildkit.dockerfile.v0"
        },
        {
          "created": "2023-11-02T21:14:07Z",
          "created_by": "ENV PS1=$(whoami)@$(hostname):$(pwd)\\$  HOME=/root TERM=xterm S6_CMD_WAIT_FOR_SERVICES_MAXTIME=0 S6_VERBOSITY=1 S6_STAGE2_HOOK=/docker-mods VIRTUAL_ENV=/lsiopy PATH=/lsiopy/bin:/usr/local/sbin:/usr/local/bin:/usr/sbin:/usr/bin:/sbin:/bin",
          "comment": "buildkit.dockerfile.v0",
          "empty_layer": true
        },
        {
          "created": "2023-11-02T21:14:08Z",
          "created_by": "RUN |4 BUILD_DATE=2023-11-02T21:12:55+00:00 VERSION=7c68c58f-ls25 MODS_VERSION=v3 PKG_INST_VERSION=v1 /bin/sh -c echo \"**** install runtime packages ****\" \u0026\u0026   apk add --no-cache     alpine-release     bash     ca-certificates     coreutils     curl     jq     netcat-openbsd     procps-ng     shadow     tzdata \u0026\u0026   echo \"**** create abc user and make our folders ****\" \u0026\u0026   groupmod -g 1000 users \u0026\u0026   useradd -u 911 -U -d /config -s /bin/false abc \u0026\u0026   usermod -G users abc \u0026\u0026   mkdir -p     /app     /config     /defaults     /lsiopy \u0026\u0026   echo \"**** cleanup ****\" \u0026\u0026   rm -rf     /tmp/* # buildkit",
          "comment": "buildkit.dockerfile.v0"
        },
        {
          "created": "2023-11-02T21:14:08Z",
          "created_by": "COPY root/ / # buildkit",
          "comment": "buildkit.dockerfile.v0"
        },
        {
          "created": "2023-11-02T21:14:08Z",
          "created_by": "ENTRYPOINT [\"/init\"]",
          "comment": "buildkit.dockerfile.v0",
          "empty_layer": true
        },
        {
          "created": "2023-11-09T18:54:02Z",
          "created_by": "RUN /bin/sh -c echo \"**** install build packages ****\" \u0026\u0026   apk add --no-cache     apache2-utils     git     logrotate     nano     nginx     openssl     php82     php82-ctype     php82-curl     php82-fileinfo     php82-fpm     php82-iconv     php82-json     php82-mbstring     php82-openssl     php82-phar     php82-session     php82-simplexml     php82-xml     php82-xmlwriter     php82-zip     php82-zlib \u0026\u0026   echo \"**** configure nginx ****\" \u0026\u0026   echo 'fastcgi_param  HTTP_PROXY         \"\"; # https://httpoxy.org/' \u003e\u003e     /etc/nginx/fastcgi_params \u0026\u0026   echo 'fastcgi_param  PATH_INFO          $fastcgi_path_info; # http://nginx.org/en/docs/http/ngx_http_fastcgi_module.html#fastcgi_split_path_info' \u003e\u003e     /etc/nginx/fastcgi_params \u0026\u0026   echo 'fastcgi_param  SCRIPT_FILENAME    $document_root$fastcgi_script_name; # https://www.nginx.com/resources/wiki/start/topics/examples/phpfcgi/#connecting-nginx-to-php-fpm' \u003e\u003e     /etc/nginx/fastcgi_params \u0026\u0026   echo 'fastcgi_param  SERVER_NAME        $host; # Send HTTP_HOST as SERVER_NAME. If HTTP_HOST is blank, send the value of server_name from nginx (default is `_`)' \u003e\u003e     /etc/nginx/fastcgi_params \u0026\u0026   rm -f /etc/nginx/conf.d/stream.conf \u0026\u0026   rm -f /etc/nginx/http.d/default.conf \u0026\u0026   echo \"**** guarantee correct php version is symlinked ****\" \u0026\u0026   if [ \"$(readlink /usr/bin/php)\" != \"php82\" ]; then     rm -rf /usr/bin/php \u0026\u0026     ln -s /usr/bin/php82 /usr/bin/php;   fi \u0026\u0026   echo \"**** configure php ****\" \u0026\u0026   sed -i \"s#;error_log = log/php82/error.log.*#error_log = /config/log/php/error.log#g\"     /etc/php82/php-fpm.conf \u0026\u0026   sed -i \"s#user = nobody.*#user = abc#g\"     /etc/php82/php-fpm.d/www.conf \u0026\u0026   sed -i \"s#group = nobody.*#group = abc#g\"     /etc/php82/php-fpm.d/www.conf \u0026\u0026   echo \"**** install php composer ****\" \u0026\u0026   EXPECTED_CHECKSUM=\"$(php -r 'copy(\"https://composer.github.io/installer.sig\", \"php://stdout\");')\" \u0026\u0026   php -r \"copy('https://getcomposer.org/installer', 'composer-setup.php');\" \u0026\u0026   ACTUAL_CHECKSUM=\"$(php -r \"echo hash_file('sha384', 'composer-setup.php');\")\" \u0026\u0026   if [ \"$EXPECTED_CHECKSUM\" != \"$ACTUAL_CHECKSUM\" ]; then       \u003e\u00262 echo 'ERROR: Invalid installer checksum' \u0026\u0026       rm composer-setup.php \u0026\u0026       exit 1;   fi \u0026\u0026   php composer-setup.php --install-dir=/usr/bin \u0026\u0026   rm composer-setup.php \u0026\u0026   ln -s /usr/bin/composer.phar /usr/bin/composer \u0026\u0026   echo \"**** fix logrotate ****\" \u0026\u0026   sed -i \"s#/var/log/messages {}.*# #g\"     /etc/logrotate.conf \u0026\u0026   sed -i 's#/usr/sbin/logrotate /etc/logrotate.conf#/usr/sbin/logrotate /etc/logrotate.conf -s /config/log/logrotate.status#g'     /etc/periodic/daily/logrotate # buildkit",
          "comment": "buildkit.dockerfile.v0"
        },
        {
          "created": "2023-11-09T18:54:02Z",
          "created_by": "COPY root/ / # buildkit",
          "comment": "buildkit.dockerfile.v0"
        },
        {
          "created": "2023-11-09T18:54:02Z",
          "created_by": "EXPOSE map[443/tcp:{} 80/tcp:{}]",
          "comment": "buildkit.dockerfile.v0",
          "empty_layer": true
        },
        {
          "created": "2023-11-16T04:25:47Z",
          "created_by": "ENV LSIO_FIRST_PARTY=true",
          "comment": "buildkit.dockerfile.v0",
          "empty_layer": true
        },
        {
          "created": "2023-11-16T04:25:47Z",
          "created_by": "ARG BUILD_DATE",
          "comment": "buildkit.dockerfile.v0",
          "empty_layer": true
        },
        {
          "created": "2023-11-16T04:25:47Z",
          "created_by": "ARG VERSION",
          "comment": "buildkit.dockerfile.v0",
          "empty_layer": true
        },
        {
          "created": "2023-11-16T04:25:47Z",
          "created_by": "ARG NGINX_VERSION",
          "comment": "buildkit.dockerfile.v0",
          "empty_layer": true
        },
        {
          "created": "2023-11-16T04:25:47Z",
          "created_by": "LABEL build_version=Linuxserver.io version:- 1.24.0-r7-ls249 Build-date:- 2023-11-16T04:23:37+00:00",
          "comment": "buildkit.dockerfile.v0",
          "empty_layer": true
        },
        {
          "created": "2023-11-16T04:25:47Z",
          "created_by": "LABEL maintainer=aptalca",
          "comment": "buildkit.dockerfile.v0",
          "empty_layer": true
        },
        {
          "created": "2023-11-16T04:25:47Z",
          "created_by": "RUN |3 BUILD_DATE=2023-11-16T04:23:37+00:00 VERSION=1.24.0-r7-ls249 NGINX_VERSION=1.24.0-r7 /bin/sh -c if [ -z ${NGINX_VERSION+x} ]; then     NGINX_VERSION=$(curl -sL \"http://dl-cdn.alpinelinux.org/alpine/v3.18/main/x86_64/APKINDEX.tar.gz\" | tar -xz -C /tmp     \u0026\u0026 awk '/^P:nginx$/,/V:/' /tmp/APKINDEX | sed -n 2p | sed 's/^V://');   fi \u0026\u0026   apk add --no-cache     memcached     nginx==${NGINX_VERSION}     nginx-mod-http-brotli==${NGINX_VERSION}     nginx-mod-http-dav-ext==${NGINX_VERSION}     nginx-mod-http-echo==${NGINX_VERSION}     nginx-mod-http-fancyindex==${NGINX_VERSION}     nginx-mod-http-geoip==${NGINX_VERSION}     nginx-mod-http-geoip2==${NGINX_VERSION}     nginx-mod-http-headers-more==${NGINX_VERSION}     nginx-mod-http-image-filter==${NGINX_VERSION}     nginx-mod-http-perl==${NGINX_VERSION}     nginx-mod-http-redis2==${NGINX_VERSION}     nginx-mod-http-set-misc==${NGINX_VERSION}     nginx-mod-http-upload-progress==${NGINX_VERSION}     nginx-mod-http-xslt-filter==${NGINX_VERSION}     nginx-mod-mail==${NGINX_VERSION}     nginx-mod-rtmp==${NGINX_VERSION}     nginx-mod-stream==${NGINX_VERSION}     nginx-mod-stream-geoip==${NGINX_VERSION}     nginx-mod-stream-geoip2==${NGINX_VERSION}     nginx-vim==${NGINX_VERSION}     php82-bcmath     php82-bz2     php82-dom     php82-exif     php82-ftp     php82-gd     php82-gmp     php82-imap     php82-intl     php82-ldap     php82-mysqli     php82-mysqlnd     php82-opcache     php82-pdo_mysql     php82-pdo_odbc     php82-pdo_pgsql     php82-pdo_sqlite     php82-pear     php82-pecl-apcu     php82-pecl-memcached     php82-pecl-redis     php82-pgsql     php82-posix     php82-soap     php82-sockets     php82-sodium     php82-sqlite3     php82-tokenizer     php82-xmlreader     php82-xsl \u0026\u0026   apk add --no-cache --repository=http://dl-cdn.alpinelinux.org/alpine/edge/community     php82-pecl-mcrypt # buildkit",
          "comment": "buildkit.dockerfile.v0"
        },
        {
          "created": "2023-11-16T04:25:47Z",
          "created_by": "EXPOSE map[443/tcp:{} 80/tcp:{}]",
          "comment": "buildkit.dockerfile.v0",
          "empty_layer": true
        },
        {
          "created": "2023-11-16T04:25:47Z",
          "created_by": "VOLUME [/config]",
          "comment": "buildkit.dockerfile.v0",
          "empty_layer": true
        }
      ],
      "os": "linux",
      "rootfs": {
        "type": "layers",
        "diff_ids": [
          "sha256:3afe988d205cd028780177debb07634c12409bae224e1f49aae85735830bbb02",
          "sha256:c185a7702ea002a28954b8f61b268f6b90a632412d3c85498e4283149c78c409",
          "sha256:05efe2ff15bb3098a2e14eb19aef7d4b69e7f3648413040984b4415ef5792ccd",
          "sha256:0e6bedd30a8405c0601758d3863293638f340c35b350ac158d07bd27f3486d99",
          "sha256:7080c8ca9889875c0c01f8d276070c1cb547c6386abf1e564eace986b1035814",
          "sha256:7d0540b620510fb650d8d56cd79ad995453d6c215f924b060384339dad85e3a7",
          "sha256:af82673adbc702b1ecb6996d4eb1fd805cd1b3924b8366ca6fa5032ea6a3a06d",
          "sha256:2cd389cc1f617c369385282137be2d9b51e3a7e42437b8fb5e2fa94eae6f3299"
        ]
      },
      "config": {
        "Entrypoint": [
          "/init"
        ],
        "Env": [
          "PATH=/lsiopy/bin:/usr/local/sbin:/usr/local/bin:/usr/sbin:/usr/bin:/sbin:/bin",
          "PS1=$(whoami)@$(hostname):$(pwd)\\$ ",
          "HOME=/root",
          "TERM=xterm",
          "S6_CMD_WAIT_FOR_SERVICES_MAXTIME=0",
          "S6_VERBOSITY=1",
          "S6_STAGE2_HOOK=/docker-mods",
          "VIRTUAL_ENV=/lsiopy",
          "LSIO_FIRST_PARTY=true"
        ],
        "Labels": {
          "build_version": "Linuxserver.io version:- 1.24.0-r7-ls249 Build-date:- 2023-11-16T04:23:37+00:00",
          "maintainer": "aptalca",
          "org.opencontainers.image.authors": "linuxserver.io",
          "org.opencontainers.image.created": "2023-11-16T04:23:37+00:00",
          "org.opencontainers.image.description": "[Nginx](https://nginx.org/) is a simple webserver with php support. The config files reside in  for easy user customization.",
          "org.opencontainers.image.documentation": "https://docs.linuxserver.io/images/docker-nginx",
          "org.opencontainers.image.licenses": "GPL-3.0-only",
          "org.opencontainers.image.ref.name": "2435bc6ade25a56e3163a7500ac0216dd51b0211",
          "org.opencontainers.image.revision": "2435bc6ade25a56e3163a7500ac0216dd51b0211",
          "org.opencontainers.image.source": "https://github.com/linuxserver/docker-nginx",
          "org.opencontainers.image.title": "Nginx",
          "org.opencontainers.image.url": "https://github.com/linuxserver/docker-nginx/packages",
          "org.opencontainers.image.vendor": "linuxserver.io",
          "org.opencontainers.image.version": "1.24.0-r7-ls249"
        },
        "Volumes": {
          "/config": {}
        },
        "WorkingDir": "/"
      }
    }
  },
  "Results": [
    {
      "Target": "linuxserver/nginx:latest (alpine 3.18.4)",
      "Class": "os-pkgs",
      "Type": "alpine",
      "Vulnerabilities": [
        {
          "VulnerabilityID": "CVE-2023-5678",
          "PkgID": "libcrypto3@3.1.4-r0",
          "PkgName": "libcrypto3",
          "InstalledVersion": "3.1.4-r0",
          "FixedVersion": "3.1.4-r1",
          "Status": "fixed",
          "Layer": {
            "DiffID": "sha256:3afe988d205cd028780177debb07634c12409bae224e1f49aae85735830bbb02"
          },
          "SeveritySource": "nvd",
          "PrimaryURL": "https://avd.aquasec.com/nvd/cve-2023-5678",
          "DataSource": {
            "ID": "alpine",
            "Name": "Alpine Secdb",
            "URL": "https://secdb.alpinelinux.org/"
          },
          "Title": "openssl: Generating excessively long X9.42 DH keys or checking excessively long X9.42 DH keys or parameters may be very slow",
          "Description": "Issue summary: Generating excessively long X9.42 DH keys or checking\nexcessively long X9.42 DH keys or parameters may be very slow.\n\nImpact summary: Applications that use the functions DH_generate_key() to\ngenerate an X9.42 DH key may experience long delays.  Likewise, applications\nthat use DH_check_pub_key(), DH_check_pub_key_ex() or EVP_PKEY_public_check()\nto check an X9.42 DH key or X9.42 DH parameters may experience long delays.\nWhere the key or parameters that are being checked have been obtained from\nan untrusted source this may lead to a Denial of Service.\n\nWhile DH_check() performs all the necessary checks (as of CVE-2023-3817),\nDH_check_pub_key() doesn't make any of these checks, and is therefore\nvulnerable for excessively large P and Q parameters.\n\nLikewise, while DH_generate_key() performs a check for an excessively large\nP, it doesn't check for an excessively large Q.\n\nAn application that calls DH_generate_key() or DH_check_pub_key() and\nsupplies a key or parameters obtained from an untrusted source could be\nvulnerable to a Denial of Service attack.\n\nDH_generate_key() and DH_check_pub_key() are also called by a number of\nother OpenSSL functions.  An application calling any of those other\nfunctions may similarly be affected.  The other functions affected by this\nare DH_check_pub_key_ex(), EVP_PKEY_public_check(), and EVP_PKEY_generate().\n\nAlso vulnerable are the OpenSSL pkey command line application when using the\n\"-pubcheck\" option, as well as the OpenSSL genpkey command line application.\n\nThe OpenSSL SSL/TLS implementation is not affected by this issue.\n\nThe OpenSSL 3.0 and 3.1 FIPS providers are not affected by this issue.\n\n",
          "Severity": "HIGH",
          "CweIDs": [
            "CWE-754"
          ],
          "CVSS": {
            "nvd": {
              "V3Vector": "CVSS:3.1/AV:N/AC:L/PR:N/UI:N/S:U/C:N/I:N/A:H",
              "V3Score": 7.5
            },
            "redhat": {
              "V3Vector": "CVSS:3.1/AV:N/AC:L/PR:N/UI:N/S:U/C:N/I:N/A:L",
              "V3Score": 5.3
            }
          },
          "References": [
            "https://access.redhat.com/security/cve/CVE-2023-5678",
            "https://cve.mitre.org/cgi-bin/cvename.cgi?name=CVE-2023-5678",
            "https://git.openssl.org/gitweb/?p=openssl.git;a=commitdiff;h=34efaef6c103d636ab507a0cc34dca4d3aecc055",
            "https://git.openssl.org/gitweb/?p=openssl.git;a=commitdiff;h=710fee740904b6290fef0dd5536fbcedbc38ff0c",
            "https://git.openssl.org/gitweb/?p=openssl.git;a=commitdiff;h=db925ae2e65d0d925adef429afc37f75bd1c2017",
            "https://git.openssl.org/gitweb/?p=openssl.git;a=commitdiff;h=ddeb4b6c6d527e54ce9a99cba785c0f7776e54b6",
            "https://nvd.nist.gov/vuln/detail/CVE-2023-5678",
            "https://www.cve.org/CVERecord?id=CVE-2023-5678",
            "https://www.openssl.org/news/secadv/20231106.txt"
          ],
          "PublishedDate": "2023-11-06T16:15:00Z",
          "LastModifiedDate": "2023-11-14T17:46:00Z"
        },
        {
          "VulnerabilityID": "CVE-2023-5678",
          "PkgID": "libssl3@3.1.4-r0",
          "PkgName": "libssl3",
          "InstalledVersion": "3.1.4-r0",
          "FixedVersion": "3.1.4-r1",
          "Status": "fixed",
          "Layer": {
            "DiffID": "sha256:3afe988d205cd028780177debb07634c12409bae224e1f49aae85735830bbb02"
          },
          "SeveritySource": "nvd",
          "PrimaryURL": "https://avd.aquasec.com/nvd/cve-2023-5678",
          "DataSource": {
            "ID": "alpine",
            "Name": "Alpine Secdb",
            "URL": "https://secdb.alpinelinux.org/"
          },
          "Title": "openssl: Generating excessively long X9.42 DH keys or checking excessively long X9.42 DH keys or parameters may be very slow",
          "Description": "Issue summary: Generating excessively long X9.42 DH keys or checking\nexcessively long X9.42 DH keys or parameters may be very slow.\n\nImpact summary: Applications that use the functions DH_generate_key() to\ngenerate an X9.42 DH key may experience long delays.  Likewise, applications\nthat use DH_check_pub_key(), DH_check_pub_key_ex() or EVP_PKEY_public_check()\nto check an X9.42 DH key or X9.42 DH parameters may experience long delays.\nWhere the key or parameters that are being checked have been obtained from\nan untrusted source this may lead to a Denial of Service.\n\nWhile DH_check() performs all the necessary checks (as of CVE-2023-3817),\nDH_check_pub_key() doesn't make any of these checks, and is therefore\nvulnerable for excessively large P and Q parameters.\n\nLikewise, while DH_generate_key() performs a check for an excessively large\nP, it doesn't check for an excessively large Q.\n\nAn application that calls DH_generate_key() or DH_check_pub_key() and\nsupplies a key or parameters obtained from an untrusted source could be\nvulnerable to a Denial of Service attack.\n\nDH_generate_key() and DH_check_pub_key() are also called by a number of\nother OpenSSL functions.  An application calling any of those other\nfunctions may similarly be affected.  The other functions affected by this\nare DH_check_pub_key_ex(), EVP_PKEY_public_check(), and EVP_PKEY_generate().\n\nAlso vulnerable are the OpenSSL pkey command line application when using the\n\"-pubcheck\" option, as well as the OpenSSL genpkey command line application.\n\nThe OpenSSL SSL/TLS implementation is not affected by this issue.\n\nThe OpenSSL 3.0 and 3.1 FIPS providers are not affected by this issue.\n\n",
          "Severity": "HIGH",
          "CweIDs": [
            "CWE-754"
          ],
          "CVSS": {
            "nvd": {
              "V3Vector": "CVSS:3.1/AV:N/AC:L/PR:N/UI:N/S:U/C:N/I:N/A:H",
              "V3Score": 7.5
            },
            "redhat": {
              "V3Vector": "CVSS:3.1/AV:N/AC:L/PR:N/UI:N/S:U/C:N/I:N/A:L",
              "V3Score": 5.3
            }
          },
          "References": [
            "https://access.redhat.com/security/cve/CVE-2023-5678",
            "https://cve.mitre.org/cgi-bin/cvename.cgi?name=CVE-2023-5678",
            "https://git.openssl.org/gitweb/?p=openssl.git;a=commitdiff;h=34efaef6c103d636ab507a0cc34dca4d3aecc055",
            "https://git.openssl.org/gitweb/?p=openssl.git;a=commitdiff;h=710fee740904b6290fef0dd5536fbcedbc38ff0c",
            "https://git.openssl.org/gitweb/?p=openssl.git;a=commitdiff;h=db925ae2e65d0d925adef429afc37f75bd1c2017",
            "https://git.openssl.org/gitweb/?p=openssl.git;a=commitdiff;h=ddeb4b6c6d527e54ce9a99cba785c0f7776e54b6",
            "https://nvd.nist.gov/vuln/detail/CVE-2023-5678",
            "https://www.cve.org/CVERecord?id=CVE-2023-5678",
            "https://www.openssl.org/news/secadv/20231106.txt"
          ],
          "PublishedDate": "2023-11-06T16:15:00Z",
          "LastModifiedDate": "2023-11-14T17:46:00Z"
        },
        {
          "VulnerabilityID": "CVE-2023-5678",
          "PkgID": "openssl@3.1.4-r0",
          "PkgName": "openssl",
          "InstalledVersion": "3.1.4-r0",
          "FixedVersion": "3.1.4-r1",
          "Status": "fixed",
          "Layer": {
            "DiffID": "sha256:7d0540b620510fb650d8d56cd79ad995453d6c215f924b060384339dad85e3a7"
          },
          "SeveritySource": "nvd",
          "PrimaryURL": "https://avd.aquasec.com/nvd/cve-2023-5678",
          "DataSource": {
            "ID": "alpine",
            "Name": "Alpine Secdb",
            "URL": "https://secdb.alpinelinux.org/"
          },
          "Title": "openssl: Generating excessively long X9.42 DH keys or checking excessively long X9.42 DH keys or parameters may be very slow",
          "Description": "Issue summary: Generating excessively long X9.42 DH keys or checking\nexcessively long X9.42 DH keys or parameters may be very slow.\n\nImpact summary: Applications that use the functions DH_generate_key() to\ngenerate an X9.42 DH key may experience long delays.  Likewise, applications\nthat use DH_check_pub_key(), DH_check_pub_key_ex() or EVP_PKEY_public_check()\nto check an X9.42 DH key or X9.42 DH parameters may experience long delays.\nWhere the key or parameters that are being checked have been obtained from\nan untrusted source this may lead to a Denial of Service.\n\nWhile DH_check() performs all the necessary checks (as of CVE-2023-3817),\nDH_check_pub_key() doesn't make any of these checks, and is therefore\nvulnerable for excessively large P and Q parameters.\n\nLikewise, while DH_generate_key() performs a check for an excessively large\nP, it doesn't check for an excessively large Q.\n\nAn application that calls DH_generate_key() or DH_check_pub_key() and\nsupplies a key or parameters obtained from an untrusted source could be\nvulnerable to a Denial of Service attack.\n\nDH_generate_key() and DH_check_pub_key() are also called by a number of\nother OpenSSL functions.  An application calling any of those other\nfunctions may similarly be affected.  The other functions affected by this\nare DH_check_pub_key_ex(), EVP_PKEY_public_check(), and EVP_PKEY_generate().\n\nAlso vulnerable are the OpenSSL pkey command line application when using the\n\"-pubcheck\" option, as well as the OpenSSL genpkey command line application.\n\nThe OpenSSL SSL/TLS implementation is not affected by this issue.\n\nThe OpenSSL 3.0 and 3.1 FIPS providers are not affected by this issue.\n\n",
          "Severity": "HIGH",
          "CweIDs": [
            "CWE-754"
          ],
          "CVSS": {
            "nvd": {
              "V3Vector": "CVSS:3.1/AV:N/AC:L/PR:N/UI:N/S:U/C:N/I:N/A:H",
              "V3Score": 7.5
            },
            "redhat": {
              "V3Vector": "CVSS:3.1/AV:N/AC:L/PR:N/UI:N/S:U/C:N/I:N/A:L",
              "V3Score": 5.3
            }
          },
          "References": [
            "https://access.redhat.com/security/cve/CVE-2023-5678",
            "https://cve.mitre.org/cgi-bin/cvename.cgi?name=CVE-2023-5678",
            "https://git.openssl.org/gitweb/?p=openssl.git;a=commitdiff;h=34efaef6c103d636ab507a0cc34dca4d3aecc055",
            "https://git.openssl.org/gitweb/?p=openssl.git;a=commitdiff;h=710fee740904b6290fef0dd5536fbcedbc38ff0c",
            "https://git.openssl.org/gitweb/?p=openssl.git;a=commitdiff;h=db925ae2e65d0d925adef429afc37f75bd1c2017",
            "https://git.openssl.org/gitweb/?p=openssl.git;a=commitdiff;h=ddeb4b6c6d527e54ce9a99cba785c0f7776e54b6",
            "https://nvd.nist.gov/vuln/detail/CVE-2023-5678",
            "https://www.cve.org/CVERecord?id=CVE-2023-5678",
            "https://www.openssl.org/news/secadv/20231106.txt"
          ],
          "PublishedDate": "2023-11-06T16:15:00Z",
          "LastModifiedDate": "2023-11-14T17:46:00Z"
        }
      ]
    }
  ]
}
