{
  "SchemaVersion": 2,
  "ArtifactName": "linuxserver/transmission:latest",
  "ArtifactType": "container_image",
  "Metadata": {
    "OS": {
      "Family": "alpine",
      "Name": "edge"
    },
    "ImageID": "sha256:bfdd340c751a42ab713158d84a81d1864428fa89791efce2d6f3620ce77d085f",
    "DiffIDs": [
      "sha256:ba6d7d8e589a8c875a06419f89444ee65d892348148af2b610a72a24ad7fa0e1",
      "sha256:3fef373830e5dbfd9ab1796f2c14799f020e9dfcebd65f8f4c8ef2dfdd068980",
      "sha256:62b3bd672f2b4467d728eb3af2252347c5582ac28f8f6c4a328010f7cfdeb534",
      "sha256:e67cc07bb694538a49e87a8cc92ec335f96f5ae8928f3e5503418737e083f6b4",
      "sha256:6f9f4a11052c8b0381f1c38556d62e12e3acd8b7d6f297f9d41bef72afd9f04a",
      "sha256:94bc7df0c39cfd0ff23f34625f81f65a081fc2b835a0ff0464f824baeda92100",
      "sha256:754681a337ea583b71e1513848ea12f202d7bea88049c0b84f4272e34fd0f5cb",
      "sha256:7562343ff9026fecc6deb3041466c830d19914fd7a6087d1093b681eb020856a"
    ],
    "RepoTags": [
      "linuxserver/transmission:latest"
    ],
    "RepoDigests": [
      "linuxserver/transmission@sha256:bf4313f103377b00c92486d102c2cda28462d4b1bc828bd9df8fc3280b29a605"
    ],
    "ImageConfig": {
      "architecture": "amd64",
      "created": "2023-11-21T10:45:23.493281354Z",
      "history": [
        {
          "created": "2023-11-20T18:04:14Z",
          "created_by": "COPY /root-out/ / # buildkit",
          "comment": "buildkit.dockerfile.v0"
        },
        {
          "created": "2023-11-20T18:04:14Z",
          "created_by": "ARG BUILD_DATE",
          "comment": "buildkit.dockerfile.v0",
          "empty_layer": true
        },
        {
          "created": "2023-11-20T18:04:14Z",
          "created_by": "ARG VERSION",
          "comment": "buildkit.dockerfile.v0",
          "empty_layer": true
        },
        {
          "created": "2023-11-20T18:04:14Z",
          "created_by": "ARG MODS_VERSION=v3",
          "comment": "buildkit.dockerfile.v0",
          "empty_layer": true
        },
        {
          "created": "2023-11-20T18:04:14Z",
          "created_by": "ARG PKG_INST_VERSION=v1",
          "comment": "buildkit.dockerfile.v0",
          "empty_layer": true
        },
        {
          "created": "2023-11-20T18:04:14Z",
          "created_by": "LABEL build_version=Linuxserver.io version:- c0fdffbb-ls114 Build-date:- 2023-11-20T18:01:54+00:00",
          "comment": "buildkit.dockerfile.v0",
          "empty_layer": true
        },
        {
          "created": "2023-11-20T18:04:14Z",
          "created_by": "LABEL maintainer=TheLamer",
          "comment": "buildkit.dockerfile.v0",
          "empty_layer": true
        },
        {
          "created": "2023-11-20T18:04:14Z",
          "created_by": "ADD https://raw.githubusercontent.com/linuxserver/docker-mods/mod-scripts/docker-mods.v3 /docker-mods # buildkit",
          "comment": "buildkit.dockerfile.v0"
        },
        {
          "created": "2023-11-20T18:04:14Z",
          "created_by": "ADD https://raw.githubusercontent.com/linuxserver/docker-mods/mod-scripts/package-install.v1 /etc/s6-overlay/s6-rc.d/init-mods-package-install/run # buildkit",
          "comment": "buildkit.dockerfile.v0"
        },
        {
          "created": "2023-11-20T18:04:14Z",
          "created_by": "ENV PS1=$(whoami)@$(hostname):$(pwd)\\$  HOME=/root TERM=xterm S6_CMD_WAIT_FOR_SERVICES_MAXTIME=0 S6_VERBOSITY=1 S6_STAGE2_HOOK=/docker-mods VIRTUAL_ENV=/lsiopy PATH=/lsiopy/bin:/usr/local/sbin:/usr/local/bin:/usr/sbin:/usr/bin:/sbin:/bin",
          "comment": "buildkit.dockerfile.v0",
          "empty_layer": true
        },
        {
          "created": "2023-11-20T18:04:17Z",
          "created_by": "RUN |4 BUILD_DATE=2023-11-20T18:01:54+00:00 VERSION=c0fdffbb-ls114 MODS_VERSION=v3 PKG_INST_VERSION=v1 /bin/sh -c echo \"**** install runtime packages ****\" \u0026\u0026   apk add --no-cache     bash     ca-certificates     coreutils     curl     jq     netcat-openbsd     procps-ng     shadow     tzdata \u0026\u0026   echo \"**** create abc user and make our folders ****\" \u0026\u0026   groupmod -g 1000 users \u0026\u0026   useradd -u 911 -U -d /config -s /bin/false abc \u0026\u0026   usermod -G users abc \u0026\u0026   mkdir -p     /app     /config     /defaults     /lsiopy \u0026\u0026   echo \"**** cleanup ****\" \u0026\u0026   rm -rf     /tmp/* # buildkit",
          "comment": "buildkit.dockerfile.v0"
        },
        {
          "created": "2023-11-20T18:04:17Z",
          "created_by": "COPY root/ / # buildkit",
          "comment": "buildkit.dockerfile.v0"
        },
        {
          "created": "2023-11-20T18:04:17Z",
          "created_by": "ENTRYPOINT [\"/init\"]",
          "comment": "buildkit.dockerfile.v0",
          "empty_layer": true
        },
        {
          "created": "2023-11-21T10:45:23Z",
          "created_by": "ENV LSIO_FIRST_PARTY=true",
          "comment": "buildkit.dockerfile.v0",
          "empty_layer": true
        },
        {
          "created": "2023-11-21T10:45:23Z",
          "created_by": "ARG BUILD_DATE",
          "comment": "buildkit.dockerfile.v0",
          "empty_layer": true
        },
        {
          "created": "2023-11-21T10:45:23Z",
          "created_by": "ARG VERSION",
          "comment": "buildkit.dockerfile.v0",
          "empty_layer": true
        },
        {
          "created": "2023-11-21T10:45:23Z",
          "created_by": "ARG TRANSMISSION_VERSION",
          "comment": "buildkit.dockerfile.v0",
          "empty_layer": true
        },
        {
          "created": "2023-11-21T10:45:23Z",
          "created_by": "LABEL build_version=Linuxserver.io version:- 4.0.4-r0-ls208 Build-date:- 2023-11-21T10:43:12+00:00",
          "comment": "buildkit.dockerfile.v0",
          "empty_layer": true
        },
        {
          "created": "2023-11-21T10:45:23Z",
          "created_by": "LABEL maintainer=aptalca",
          "comment": "buildkit.dockerfile.v0",
          "empty_layer": true
        },
        {
          "created": "2023-11-21T10:45:23Z",
          "created_by": "RUN |3 BUILD_DATE=2023-11-21T10:43:12+00:00 VERSION=4.0.4-r0-ls208 TRANSMISSION_VERSION=4.0.4-r0 /bin/sh -c echo \"**** install build packages ****\" \u0026\u0026   apk add --no-cache --virtual=build-dependencies     build-base \u0026\u0026   echo \"**** install packages ****\" \u0026\u0026   apk add --no-cache     findutils     p7zip     python3 \u0026\u0026   echo \"**** install transmission ****\" \u0026\u0026   if [ -z ${TRANSMISSION_VERSION+x} ]; then     TRANSMISSION_VERSION=$(curl -sL \"http://dl-cdn.alpinelinux.org/alpine/edge/community/x86_64/APKINDEX.tar.gz\" | tar -xz -C /tmp     \u0026\u0026 awk '/^P:transmission$/,/V:/' /tmp/APKINDEX | sed -n 2p | sed 's/^V://');   fi \u0026\u0026   apk add --no-cache     transmission-cli==${TRANSMISSION_VERSION}     transmission-daemon==${TRANSMISSION_VERSION}     transmission-extra==${TRANSMISSION_VERSION}     transmission-remote==${TRANSMISSION_VERSION} \u0026\u0026   echo \"**** cleanup ****\" \u0026\u0026   apk del --purge     build-dependencies \u0026\u0026   rm -rf     /tmp/*     $HOME/.cache # buildkit",
          "comment": "buildkit.dockerfile.v0"
        },
        {
          "created": "2023-11-21T10:45:23Z",
          "created_by": "COPY root/ / # buildkit",
          "comment": "buildkit.dockerfile.v0"
        },
        {
          "created": "2023-11-21T10:45:23Z",
          "created_by": "COPY /usr/bin/unrar-alpine /usr/bin/unrar # buildkit",
          "comment": "buildkit.dockerfile.v0"
        },
        {
          "created": "2023-11-21T10:45:23Z",
          "created_by": "EXPOSE map[51413/tcp:{} 51413/udp:{} 9091/tcp:{}]",
          "comment": "buildkit.dockerfile.v0",
          "empty_layer": true
        },
        {
          "created": "2023-11-21T10:45:23Z",
          "created_by": "VOLUME [/config]",
          "comment": "buildkit.dockerfile.v0",
          "empty_layer": true
        }
      ],
      "os": "linux",
      "rootfs": {
        "type": "layers",
        "diff_ids": [
          "sha256:ba6d7d8e589a8c875a06419f89444ee65d892348148af2b610a72a24ad7fa0e1",
          "sha256:3fef373830e5dbfd9ab1796f2c14799f020e9dfcebd65f8f4c8ef2dfdd068980",
          "sha256:62b3bd672f2b4467d728eb3af2252347c5582ac28f8f6c4a328010f7cfdeb534",
          "sha256:e67cc07bb694538a49e87a8cc92ec335f96f5ae8928f3e5503418737e083f6b4",
          "sha256:6f9f4a11052c8b0381f1c38556d62e12e3acd8b7d6f297f9d41bef72afd9f04a",
          "sha256:94bc7df0c39cfd0ff23f34625f81f65a081fc2b835a0ff0464f824baeda92100",
          "sha256:754681a337ea583b71e1513848ea12f202d7bea88049c0b84f4272e34fd0f5cb",
          "sha256:7562343ff9026fecc6deb3041466c830d19914fd7a6087d1093b681eb020856a"
        ]
      },
      "config": {
        "Entrypoint": [
          "/init"
        ],
        "Env": [
          "PATH=/lsiopy/bin:/usr/local/sbin:/usr/local/bin:/usr/sbin:/usr/bin:/sbin:/bin",
          "PS1=$(whoami)@$(hostname):$(pwd)\\$ ",
          "HOME=/root",
          "TERM=xterm",
          "S6_CMD_WAIT_FOR_SERVICES_MAXTIME=0",
          "S6_VERBOSITY=1",
          "S6_STAGE2_HOOK=/docker-mods",
          "VIRTUAL_ENV=/lsiopy",
          "LSIO_FIRST_PARTY=true"
        ],
        "Labels": {
          "build_version": "Linuxserver.io version:- 4.0.4-r0-ls208 Build-date:- 2023-11-21T10:43:12+00:00",
          "maintainer": "aptalca",
          "org.opencontainers.image.authors": "linuxserver.io",
          "org.opencontainers.image.created": "2023-11-21T10:43:12+00:00",
          "org.opencontainers.image.description": "[Transmission](https://www.transmissionbt.com/) is designed for easy, powerful use. Transmission has the features you want from a BitTorrent client: encryption, a web interface, peer exchange, magnet links, DHT, µTP, UPnP and NAT-PMP port forwarding, webseed support, watch directories, tracker editing, global and per-torrent speed limits, and more.",
          "org.opencontainers.image.documentation": "https://docs.linuxserver.io/images/docker-transmission",
          "org.opencontainers.image.licenses": "GPL-3.0-only",
          "org.opencontainers.image.ref.name": "8441fac1cde47a173ec5f5e4c185452c88df44b7",
          "org.opencontainers.image.revision": "8441fac1cde47a173ec5f5e4c185452c88df44b7",
          "org.opencontainers.image.source": "https://github.com/linuxserver/docker-transmission",
          "org.opencontainers.image.title": "Transmission",
          "org.opencontainers.image.url": "https://github.com/linuxserver/docker-transmission/packages",
          "org.opencontainers.image.vendor": "linuxserver.io",
          "org.opencontainers.image.version": "4.0.4-r0-ls208"
        },
        "Volumes": {
          "/config": {}
        },
        "WorkingDir": "/"
      }
    }
  },
  "Results": [
    {
      "Target": "linuxserver/transmission:latest (alpine edge)",
      "Class": "os-pkgs",
      "Type": "alpine"
    }
  ]
}
