{
  "SchemaVersion": 2,
  "ArtifactName": "linuxserver/jackett:latest",
  "ArtifactType": "container_image",
  "Metadata": {
    "OS": {
      "Family": "alpine",
      "Name": "3.18.4"
    },
    "ImageID": "sha256:0ba48de9aa864bbb8b7799b8333fa9ad7567ff2cac2053f766049bc2e428d207",
    "DiffIDs": [
      "sha256:948969ad26113952e5283dfb0930cd01200c1d88755ed1774efe9c497a62aacd",
      "sha256:c185a7702ea002a28954b8f61b268f6b90a632412d3c85498e4283149c78c409",
      "sha256:b97c6e1c38beb87e2492ab201f602993c31e27d1e1be0a1ef763b34ccd401900",
      "sha256:6f8fcd7a6e6362efb6f2ac975f642231c5ee4b46d3539290a2b93080deeee9b9",
      "sha256:c576f5e1e9105754f736362606e0461e9068cf7b7d1cb28cec176e97db5ebbc5",
      "sha256:27c473a572bd5631c2b680db3823889e77728ff8e7b24b8c0bf3e6989f554cc1",
      "sha256:edc1c58f90319e1b665efd536c8ef621aeefcc1b60a1cf6201a538d87f64ea08"
    ],
    "RepoTags": [
      "linuxserver/jackett:latest"
    ],
    "RepoDigests": [
      "linuxserver/jackett@sha256:ed3c049b9d0e8698e7c33f7ee3c2dcc6e9bbe35f45f0dcd87c5aea0466bbbd0b"
    ],
    "ImageConfig": {
      "architecture": "amd64",
      "created": "2023-11-21T06:43:36.036027604Z",
      "history": [
        {
          "created": "2023-11-20T18:02:03Z",
          "created_by": "COPY /root-out/ / # buildkit",
          "comment": "buildkit.dockerfile.v0"
        },
        {
          "created": "2023-11-20T18:02:03Z",
          "created_by": "ARG BUILD_DATE",
          "comment": "buildkit.dockerfile.v0",
          "empty_layer": true
        },
        {
          "created": "2023-11-20T18:02:03Z",
          "created_by": "ARG VERSION",
          "comment": "buildkit.dockerfile.v0",
          "empty_layer": true
        },
        {
          "created": "2023-11-20T18:02:03Z",
          "created_by": "ARG MODS_VERSION=v3",
          "comment": "buildkit.dockerfile.v0",
          "empty_layer": true
        },
        {
          "created": "2023-11-20T18:02:03Z",
          "created_by": "ARG PKG_INST_VERSION=v1",
          "comment": "buildkit.dockerfile.v0",
          "empty_layer": true
        },
        {
          "created": "2023-11-20T18:02:03Z",
          "created_by": "LABEL build_version=Linuxserver.io version:- 458ab886-ls29 Build-date:- 2023-11-20T18:00:48+00:00",
          "comment": "buildkit.dockerfile.v0",
          "empty_layer": true
        },
        {
          "created": "2023-11-20T18:02:03Z",
          "created_by": "LABEL maintainer=TheLamer",
          "comment": "buildkit.dockerfile.v0",
          "empty_layer": true
        },
        {
          "created": "2023-11-20T18:02:03Z",
          "created_by": "ADD https://raw.githubusercontent.com/linuxserver/docker-mods/mod-scripts/docker-mods.v3 /docker-mods # buildkit",
          "comment": "buildkit.dockerfile.v0"
        },
        {
          "created": "2023-11-20T18:02:03Z",
          "created_by": "ADD https://raw.githubusercontent.com/linuxserver/docker-mods/mod-scripts/package-install.v1 /etc/s6-overlay/s6-rc.d/init-mods-package-install/run # buildkit",
          "comment": "buildkit.dockerfile.v0"
        },
        {
          "created": "2023-11-20T18:02:03Z",
          "created_by": "ENV PS1=$(whoami)@$(hostname):$(pwd)\\$  HOME=/root TERM=xterm S6_CMD_WAIT_FOR_SERVICES_MAXTIME=0 S6_VERBOSITY=1 S6_STAGE2_HOOK=/docker-mods VIRTUAL_ENV=/lsiopy PATH=/lsiopy/bin:/usr/local/sbin:/usr/local/bin:/usr/sbin:/usr/bin:/sbin:/bin",
          "comment": "buildkit.dockerfile.v0",
          "empty_layer": true
        },
        {
          "created": "2023-11-20T18:02:04Z",
          "created_by": "RUN |4 BUILD_DATE=2023-11-20T18:00:48+00:00 VERSION=458ab886-ls29 MODS_VERSION=v3 PKG_INST_VERSION=v1 /bin/sh -c echo \"**** install runtime packages ****\" \u0026\u0026   apk add --no-cache     alpine-release     bash     ca-certificates     coreutils     curl     jq     netcat-openbsd     procps-ng     shadow     tzdata \u0026\u0026   echo \"**** create abc user and make our folders ****\" \u0026\u0026   groupmod -g 1000 users \u0026\u0026   useradd -u 911 -U -d /config -s /bin/false abc \u0026\u0026   usermod -G users abc \u0026\u0026   mkdir -p     /app     /config     /defaults     /lsiopy \u0026\u0026   echo \"**** cleanup ****\" \u0026\u0026   rm -rf     /tmp/* # buildkit",
          "comment": "buildkit.dockerfile.v0"
        },
        {
          "created": "2023-11-20T18:02:05Z",
          "created_by": "COPY root/ / # buildkit",
          "comment": "buildkit.dockerfile.v0"
        },
        {
          "created": "2023-11-20T18:02:05Z",
          "created_by": "ENTRYPOINT [\"/init\"]",
          "comment": "buildkit.dockerfile.v0",
          "empty_layer": true
        },
        {
          "created": "2023-11-21T06:43:35Z",
          "created_by": "ENV LSIO_FIRST_PARTY=true",
          "comment": "buildkit.dockerfile.v0",
          "empty_layer": true
        },
        {
          "created": "2023-11-21T06:43:35Z",
          "created_by": "ARG BUILD_DATE",
          "comment": "buildkit.dockerfile.v0",
          "empty_layer": true
        },
        {
          "created": "2023-11-21T06:43:35Z",
          "created_by": "ARG VERSION",
          "comment": "buildkit.dockerfile.v0",
          "empty_layer": true
        },
        {
          "created": "2023-11-21T06:43:35Z",
          "created_by": "ARG JACKETT_RELEASE",
          "comment": "buildkit.dockerfile.v0",
          "empty_layer": true
        },
        {
          "created": "2023-11-21T06:43:35Z",
          "created_by": "LABEL build_version=Linuxserver.io version:- v0.21.1239-ls227 Build-date:- 2023-11-21T06:42:20+00:00",
          "comment": "buildkit.dockerfile.v0",
          "empty_layer": true
        },
        {
          "created": "2023-11-21T06:43:35Z",
          "created_by": "LABEL maintainer=thelamer",
          "comment": "buildkit.dockerfile.v0",
          "empty_layer": true
        },
        {
          "created": "2023-11-21T06:43:35Z",
          "created_by": "ENV XDG_DATA_HOME=/config XDG_CONFIG_HOME=/config",
          "comment": "buildkit.dockerfile.v0",
          "empty_layer": true
        },
        {
          "created": "2023-11-21T06:43:35Z",
          "created_by": "RUN |3 BUILD_DATE=2023-11-21T06:42:20+00:00 VERSION=v0.21.1239-ls227 JACKETT_RELEASE=v0.21.1239 /bin/sh -c echo \"**** install packages ****\" \u0026\u0026   apk --no-cache add     icu-data-full     icu-libs \u0026\u0026   echo \"**** install jackett ****\" \u0026\u0026   mkdir -p     /app/Jackett \u0026\u0026   if [ -z ${JACKETT_RELEASE+x} ]; then     JACKETT_RELEASE=$(curl -sX GET \"https://api.github.com/repos/Jackett/Jackett/releases/latest\"     | jq -r .tag_name);   fi \u0026\u0026   curl -o     /tmp/jacket.tar.gz -L     \"https://github.com/Jackett/Jackett/releases/download/${JACKETT_RELEASE}/Jackett.Binaries.LinuxMuslAMDx64.tar.gz\" \u0026\u0026   tar xf     /tmp/jacket.tar.gz -C     /app/Jackett --strip-components=1 \u0026\u0026   echo \"**** fix for host id mapping error ****\" \u0026\u0026   chown -R root:root /app/Jackett \u0026\u0026   echo \"**** save docker image version ****\" \u0026\u0026   echo \"${VERSION}\" \u003e /etc/docker-image \u0026\u0026   echo \"**** cleanup ****\" \u0026\u0026   rm -rf     /tmp/* # buildkit",
          "comment": "buildkit.dockerfile.v0"
        },
        {
          "created": "2023-11-21T06:43:36Z",
          "created_by": "COPY root/ / # buildkit",
          "comment": "buildkit.dockerfile.v0"
        },
        {
          "created": "2023-11-21T06:43:36Z",
          "created_by": "VOLUME [/config]",
          "comment": "buildkit.dockerfile.v0",
          "empty_layer": true
        },
        {
          "created": "2023-11-21T06:43:36Z",
          "created_by": "EXPOSE map[9117/tcp:{}]",
          "comment": "buildkit.dockerfile.v0",
          "empty_layer": true
        }
      ],
      "os": "linux",
      "rootfs": {
        "type": "layers",
        "diff_ids": [
          "sha256:948969ad26113952e5283dfb0930cd01200c1d88755ed1774efe9c497a62aacd",
          "sha256:c185a7702ea002a28954b8f61b268f6b90a632412d3c85498e4283149c78c409",
          "sha256:b97c6e1c38beb87e2492ab201f602993c31e27d1e1be0a1ef763b34ccd401900",
          "sha256:6f8fcd7a6e6362efb6f2ac975f642231c5ee4b46d3539290a2b93080deeee9b9",
          "sha256:c576f5e1e9105754f736362606e0461e9068cf7b7d1cb28cec176e97db5ebbc5",
          "sha256:27c473a572bd5631c2b680db3823889e77728ff8e7b24b8c0bf3e6989f554cc1",
          "sha256:edc1c58f90319e1b665efd536c8ef621aeefcc1b60a1cf6201a538d87f64ea08"
        ]
      },
      "config": {
        "Entrypoint": [
          "/init"
        ],
        "Env": [
          "PATH=/lsiopy/bin:/usr/local/sbin:/usr/local/bin:/usr/sbin:/usr/bin:/sbin:/bin",
          "PS1=$(whoami)@$(hostname):$(pwd)\\$ ",
          "HOME=/root",
          "TERM=xterm",
          "S6_CMD_WAIT_FOR_SERVICES_MAXTIME=0",
          "S6_VERBOSITY=1",
          "S6_STAGE2_HOOK=/docker-mods",
          "VIRTUAL_ENV=/lsiopy",
          "LSIO_FIRST_PARTY=true",
          "XDG_DATA_HOME=/config",
          "XDG_CONFIG_HOME=/config"
        ],
        "Labels": {
          "build_version": "Linuxserver.io version:- v0.21.1239-ls227 Build-date:- 2023-11-21T06:42:20+00:00",
          "maintainer": "thelamer",
          "org.opencontainers.image.authors": "linuxserver.io",
          "org.opencontainers.image.created": "2023-11-21T06:42:20+00:00",
          "org.opencontainers.image.description": "[Jackett](https://github.com/Jackett/Jackett) works as a proxy server: it translates queries from apps (Sonarr, SickRage, CouchPotato, Mylar, etc) into tracker-site-specific http queries, parses the html response, then sends results back to the requesting software. This allows for getting recent uploads (like RSS) and performing searches. Jackett is a single repository of maintained indexer scraping \u0026 translation logic - removing the burden from other apps.",
          "org.opencontainers.image.documentation": "https://docs.linuxserver.io/images/docker-jackett",
          "org.opencontainers.image.licenses": "GPL-3.0-only",
          "org.opencontainers.image.ref.name": "80c7eba283a29e5cf17424815be103d9125048f1",
          "org.opencontainers.image.revision": "80c7eba283a29e5cf17424815be103d9125048f1",
          "org.opencontainers.image.source": "https://github.com/linuxserver/docker-jackett",
          "org.opencontainers.image.title": "Jackett",
          "org.opencontainers.image.url": "https://github.com/linuxserver/docker-jackett/packages",
          "org.opencontainers.image.vendor": "linuxserver.io",
          "org.opencontainers.image.version": "v0.21.1239-ls227"
        },
        "Volumes": {
          "/config": {}
        },
        "WorkingDir": "/"
      }
    }
  },
  "Results": [
    {
      "Target": "linuxserver/jackett:latest (alpine 3.18.4)",
      "Class": "os-pkgs",
      "Type": "alpine"
    }
  ]
}
