{
  "vulnerabilities": [],
  "ok": true,
  "dependencyCount": 59,
  "org": "intman32",
  "policy": "# Snyk (https://snyk.io) policy file, patches or ignores known vulnerabilities.\nversion: v1.25.1\nignore: {}\npatch: {}\n",
  "isPrivate": true,
  "licensesPolicy": {
    "severities": {},
    "orgLicenseRules": {
      "AGPL-1.0": {
        "licenseType": "AGPL-1.0",
        "severity": "high",
        "instructions": ""
      },
      "AGPL-3.0": {
        "licenseType": "AGPL-3.0",
        "severity": "high",
        "instructions": ""
      },
      "Artistic-1.0": {
        "licenseType": "Artistic-1.0",
        "severity": "medium",
        "instructions": ""
      },
      "Artistic-2.0": {
        "licenseType": "Artistic-2.0",
        "severity": "medium",
        "instructions": ""
      },
      "CDDL-1.0": {
        "licenseType": "CDDL-1.0",
        "severity": "medium",
        "instructions": ""
      },
      "CPOL-1.02": {
        "licenseType": "CPOL-1.02",
        "severity": "high",
        "instructions": ""
      },
      "EPL-1.0": {
        "licenseType": "EPL-1.0",
        "severity": "medium",
        "instructions": ""
      },
      "GPL-2.0": {
        "licenseType": "GPL-2.0",
        "severity": "high",
        "instructions": ""
      },
      "GPL-3.0": {
        "licenseType": "GPL-3.0",
        "severity": "high",
        "instructions": ""
      },
      "LGPL-2.0": {
        "licenseType": "LGPL-2.0",
        "severity": "medium",
        "instructions": ""
      },
      "LGPL-2.1": {
        "licenseType": "LGPL-2.1",
        "severity": "medium",
        "instructions": ""
      },
      "LGPL-3.0": {
        "licenseType": "LGPL-3.0",
        "severity": "medium",
        "instructions": ""
      },
      "MPL-1.1": {
        "licenseType": "MPL-1.1",
        "severity": "medium",
        "instructions": ""
      },
      "MPL-2.0": {
        "licenseType": "MPL-2.0",
        "severity": "medium",
        "instructions": ""
      },
      "MS-RL": {
        "licenseType": "MS-RL",
        "severity": "medium",
        "instructions": ""
      },
      "SimPL-2.0": {
        "licenseType": "SimPL-2.0",
        "severity": "high",
        "instructions": ""
      }
    }
  },
  "packageManager": "apk",
  "ignoreSettings": {
    "adminOnly": false,
    "reasonRequired": false,
    "disregardFilesystemIgnores": false
  },
  "docker": {},
  "summary": "No known operating system vulnerabilities",
  "filesystemPolicy": false,
  "uniqueCount": 0,
  "projectName": "docker-image|linuxserver/sabnzbd",
  "platform": "linux/amd64",
  "hasUnknownVersions": false,
  "path": "linuxserver/sabnzbd:latest/sabnzbd",
  "applications": [
    {
      "vulnerabilities": [
        {
          "id": "SNYK-PYTHON-CRYPTOGRAPHY-6036192",
          "title": "Missing Cryptographic Step",
          "CVSSv3": "CVSS:3.1/AV:N/AC:L/PR:N/UI:N/S:U/C:L/I:N/A:N",
          "credit": [
            "Tony Battersby of Cybernetics"
          ],
          "semver": {
            "vulnerable": [
              "[,41.0.5)"
            ]
          },
          "exploit": "Not Defined",
          "fixedIn": [
            "41.0.5"
          ],
          "patches": [],
          "insights": {
            "triageAdvice": null
          },
          "language": "python",
          "severity": "medium",
          "cvssScore": 5.3,
          "functions": [],
          "malicious": false,
          "isDisputed": false,
          "moduleName": "cryptography",
          "references": [
            {
              "url": "https://github.com/openssl/openssl/commit/0df40630850fb2740e6be6890bb905d3fc623b2d",
              "title": "GitHub Commit"
            },
            {
              "url": "https://github.com/openssl/openssl/commit/5f69f5c65e483928c4b28ed16af6e5742929f1ee",
              "title": "GitHub Commit"
            },
            {
              "url": "https://www.openssl.org/news/secadv/20231024.txt",
              "title": "Security Advisory"
            }
          ],
          "cvssDetails": [
            {
              "assigner": "SUSE",
              "severity": "high",
              "cvssV3Vector": "CVSS:3.1/AV:N/AC:L/PR:N/UI:N/S:U/C:H/I:N/A:N",
              "cvssV3BaseScore": 7.5,
              "modificationTime": "2023-10-26T11:01:48.943152Z"
            },
            {
              "assigner": "NVD",
              "severity": "high",
              "cvssV3Vector": "CVSS:3.1/AV:N/AC:L/PR:N/UI:N/S:U/C:H/I:N/A:N",
              "cvssV3BaseScore": 7.5,
              "modificationTime": "2023-11-10T01:10:44.205650Z"
            },
            {
              "assigner": "Red Hat",
              "severity": "high",
              "cvssV3Vector": "CVSS:3.1/AV:N/AC:L/PR:N/UI:N/S:U/C:H/I:N/A:N",
              "cvssV3BaseScore": 7.5,
              "modificationTime": "2023-11-11T13:37:17.315978Z"
            }
          ],
          "description": "## Overview\n\nAffected versions of this package are vulnerable to Missing Cryptographic Step when the `EVP_EncryptInit_ex2()`, `EVP_DecryptInit_ex2()` or `EVP_CipherInit_ex2()` functions are used. An attacker can cause truncation or overreading of key and initialization vector (IV) lengths by altering the \"keylen\" or \"ivlen\" parameters within the `OSSL_PARAM` array after the key and IV have been established. This can lead to potential truncation or overruns during the initialization of some symmetric ciphers, such as RC2, RC4, RC5, CCM, GCM, and OCB. A truncation in the IV can result in non-uniqueness, which could result in loss of confidentiality for some cipher modes. \r\n\r\nBoth truncations and overruns of the key and the IV will produce incorrect results and could, in some cases, trigger a memory exception.\n## Remediation\nUpgrade `cryptography` to version 41.0.5 or higher.\n## References\n- [GitHub Commit](https://github.com/openssl/openssl/commit/0df40630850fb2740e6be6890bb905d3fc623b2d)\n- [GitHub Commit](https://github.com/openssl/openssl/commit/5f69f5c65e483928c4b28ed16af6e5742929f1ee)\n- [Security Advisory](https://www.openssl.org/news/secadv/20231024.txt)\n",
          "epssDetails": {
            "percentile": "0.28992",
            "probability": "0.00069",
            "modelVersion": "v2023.03.01"
          },
          "identifiers": {
            "CVE": [
              "CVE-2023-5363"
            ],
            "CWE": [
              "CWE-325"
            ]
          },
          "packageName": "cryptography",
          "proprietary": false,
          "creationTime": "2023-10-26T11:09:53.251418Z",
          "functions_new": [],
          "alternativeIds": [],
          "disclosureTime": "2023-10-24T15:00:00Z",
          "packageManager": "pip",
          "publicationTime": "2023-10-26T11:16:04.821225Z",
          "modificationTime": "2023-11-11T13:37:17.315978Z",
          "socialTrendAlert": false,
          "severityWithCritical": "medium",
          "from": [
            "/app/nzbnotify/requirements.txt@*",
            "apprise@1.6.0",
            "requests-oauthlib@1.3.1",
            "oauthlib@3.2.2",
            "cryptography@41.0.4"
          ],
          "upgradePath": [],
          "isUpgradable": false,
          "isPatchable": false,
          "name": "cryptography",
          "version": "41.0.4"
        },
        {
          "id": "SNYK-PYTHON-CRYPTOGRAPHY-6050294",
          "title": "Denial of Service (DoS)",
          "CVSSv3": "CVSS:3.1/AV:N/AC:L/PR:N/UI:N/S:U/C:N/I:N/A:L",
          "credit": [
            "David Benjamin"
          ],
          "semver": {
            "vulnerable": [
              "[0,]"
            ]
          },
          "exploit": "Not Defined",
          "fixedIn": [],
          "patches": [],
          "insights": {
            "triageAdvice": null
          },
          "language": "python",
          "severity": "medium",
          "cvssScore": 5.3,
          "functions": [],
          "malicious": false,
          "isDisputed": false,
          "moduleName": "cryptography",
          "references": [
            {
              "url": "https://github.com/openssl/openssl/commit/db925ae2e65d0d925adef429afc37f75bd1c2017",
              "title": "GitHub Commit"
            },
            {
              "url": "https://github.com/openssl/openssl/commit/ddeb4b6c6d527e54ce9a99cba785c0f7776e54b6",
              "title": "GitHub Commit"
            },
            {
              "url": "https://github.com/openssl/openssl/commit/ec061bf8ff2add8050599058557178c03295bcc0",
              "title": "GitHub Commit"
            },
            {
              "url": "https://github.com/pyca/cryptography/commit/01d55b2af8ae167315288c03b192c59c86425009",
              "title": "GitHub Commit"
            },
            {
              "url": "https://bugzilla.redhat.com/show_bug.cgi?id=2248616",
              "title": "RedHat Bugzilla Bug"
            },
            {
              "url": "https://www.openssl.org/news/secadv/20231106.txt",
              "title": "Security Advisory"
            }
          ],
          "cvssDetails": [
            {
              "assigner": "Red Hat",
              "severity": "medium",
              "cvssV3Vector": "CVSS:3.1/AV:N/AC:L/PR:N/UI:N/S:U/C:N/I:N/A:L",
              "cvssV3BaseScore": 5.3,
              "modificationTime": "2023-11-08T13:48:19.543999Z"
            },
            {
              "assigner": "NVD",
              "severity": "high",
              "cvssV3Vector": "CVSS:3.1/AV:N/AC:L/PR:N/UI:N/S:U/C:N/I:N/A:H",
              "cvssV3BaseScore": 7.5,
              "modificationTime": "2023-11-15T01:11:01.755232Z"
            }
          ],
          "description": "## Overview\n\nAffected versions of this package are vulnerable to Denial of Service (DoS) when the `DH_generate_key()`, `DH_check_pub_key()`, `DH_check_pub_key_ex()`, `EVP_PKEY_public_check()`, and `EVP_PKEY_generate()` functions are used. An attacker can cause long delays and potentially a Denial of Service by supplying excessively long X9.42 DH keys or parameters obtained from an untrusted source. \r\n\r\n**Note:**\r\n\r\nThis is only exploitable if the application uses these functions to generate or check an X9.42 DH key or parameters. Also, the OpenSSL `pkey` command line application, when using the `-pubcheck` option, as well as the OpenSSL `genpkey` command line application, are vulnerable to this issue.\n## Remediation\nA fix was pushed into the `master` branch but not yet published.\n## References\n- [GitHub Commit](https://github.com/openssl/openssl/commit/db925ae2e65d0d925adef429afc37f75bd1c2017)\n- [GitHub Commit](https://github.com/openssl/openssl/commit/ddeb4b6c6d527e54ce9a99cba785c0f7776e54b6)\n- [GitHub Commit](https://github.com/openssl/openssl/commit/ec061bf8ff2add8050599058557178c03295bcc0)\n- [GitHub Commit](https://github.com/pyca/cryptography/commit/01d55b2af8ae167315288c03b192c59c86425009)\n- [RedHat Bugzilla Bug](https://bugzilla.redhat.com/show_bug.cgi?id=2248616)\n- [Security Advisory](https://www.openssl.org/news/secadv/20231106.txt)\n",
          "epssDetails": {
            "percentile": "0.12710",
            "probability": "0.00045",
            "modelVersion": "v2023.03.01"
          },
          "identifiers": {
            "CVE": [
              "CVE-2023-5678"
            ],
            "CWE": [
              "CWE-400"
            ]
          },
          "packageName": "cryptography",
          "proprietary": false,
          "creationTime": "2023-11-08T11:10:10.146402Z",
          "functions_new": [],
          "alternativeIds": [],
          "disclosureTime": "2023-10-24T00:00:00Z",
          "packageManager": "pip",
          "publicationTime": "2023-11-08T15:16:15.075620Z",
          "modificationTime": "2023-11-15T01:11:01.755232Z",
          "socialTrendAlert": false,
          "severityWithCritical": "medium",
          "from": [
            "/app/nzbnotify/requirements.txt@*",
            "apprise@1.6.0",
            "requests-oauthlib@1.3.1",
            "oauthlib@3.2.2",
            "cryptography@41.0.4"
          ],
          "upgradePath": [],
          "isUpgradable": false,
          "isPatchable": false,
          "name": "cryptography",
          "version": "41.0.4"
        }
      ],
      "ok": false,
      "dependencyCount": 21,
      "org": "intman32",
      "policy": "# Snyk (https://snyk.io) policy file, patches or ignores known vulnerabilities.\nversion: v1.25.1\nignore: {}\npatch: {}\n",
      "isPrivate": true,
      "licensesPolicy": {
        "severities": {},
        "orgLicenseRules": {
          "AGPL-1.0": {
            "licenseType": "AGPL-1.0",
            "severity": "high",
            "instructions": ""
          },
          "AGPL-3.0": {
            "licenseType": "AGPL-3.0",
            "severity": "high",
            "instructions": ""
          },
          "Artistic-1.0": {
            "licenseType": "Artistic-1.0",
            "severity": "medium",
            "instructions": ""
          },
          "Artistic-2.0": {
            "licenseType": "Artistic-2.0",
            "severity": "medium",
            "instructions": ""
          },
          "CDDL-1.0": {
            "licenseType": "CDDL-1.0",
            "severity": "medium",
            "instructions": ""
          },
          "CPOL-1.02": {
            "licenseType": "CPOL-1.02",
            "severity": "high",
            "instructions": ""
          },
          "EPL-1.0": {
            "licenseType": "EPL-1.0",
            "severity": "medium",
            "instructions": ""
          },
          "GPL-2.0": {
            "licenseType": "GPL-2.0",
            "severity": "high",
            "instructions": ""
          },
          "GPL-3.0": {
            "licenseType": "GPL-3.0",
            "severity": "high",
            "instructions": ""
          },
          "LGPL-2.0": {
            "licenseType": "LGPL-2.0",
            "severity": "medium",
            "instructions": ""
          },
          "LGPL-2.1": {
            "licenseType": "LGPL-2.1",
            "severity": "medium",
            "instructions": ""
          },
          "LGPL-3.0": {
            "licenseType": "LGPL-3.0",
            "severity": "medium",
            "instructions": ""
          },
          "MPL-1.1": {
            "licenseType": "MPL-1.1",
            "severity": "medium",
            "instructions": ""
          },
          "MPL-2.0": {
            "licenseType": "MPL-2.0",
            "severity": "medium",
            "instructions": ""
          },
          "MS-RL": {
            "licenseType": "MS-RL",
            "severity": "medium",
            "instructions": ""
          },
          "SimPL-2.0": {
            "licenseType": "SimPL-2.0",
            "severity": "high",
            "instructions": ""
          }
        }
      },
      "packageManager": "pip",
      "ignoreSettings": {
        "adminOnly": false,
        "reasonRequired": false,
        "disregardFilesystemIgnores": false
      },
      "docker": {},
      "summary": "2 vulnerable dependency paths",
      "remediation": {
        "unresolved": [
          {
            "id": "SNYK-PYTHON-CRYPTOGRAPHY-6036192",
            "title": "Missing Cryptographic Step",
            "CVSSv3": "CVSS:3.1/AV:N/AC:L/PR:N/UI:N/S:U/C:L/I:N/A:N",
            "credit": [
              "Tony Battersby of Cybernetics"
            ],
            "semver": {
              "vulnerable": [
                "[,41.0.5)"
              ]
            },
            "exploit": "Not Defined",
            "fixedIn": [
              "41.0.5"
            ],
            "patches": [],
            "insights": {
              "triageAdvice": null
            },
            "language": "python",
            "severity": "medium",
            "cvssScore": 5.3,
            "functions": [],
            "malicious": false,
            "isDisputed": false,
            "moduleName": "cryptography",
            "references": [
              {
                "url": "https://github.com/openssl/openssl/commit/0df40630850fb2740e6be6890bb905d3fc623b2d",
                "title": "GitHub Commit"
              },
              {
                "url": "https://github.com/openssl/openssl/commit/5f69f5c65e483928c4b28ed16af6e5742929f1ee",
                "title": "GitHub Commit"
              },
              {
                "url": "https://www.openssl.org/news/secadv/20231024.txt",
                "title": "Security Advisory"
              }
            ],
            "cvssDetails": [
              {
                "assigner": "SUSE",
                "severity": "high",
                "cvssV3Vector": "CVSS:3.1/AV:N/AC:L/PR:N/UI:N/S:U/C:H/I:N/A:N",
                "cvssV3BaseScore": 7.5,
                "modificationTime": "2023-10-26T11:01:48.943152Z"
              },
              {
                "assigner": "NVD",
                "severity": "high",
                "cvssV3Vector": "CVSS:3.1/AV:N/AC:L/PR:N/UI:N/S:U/C:H/I:N/A:N",
                "cvssV3BaseScore": 7.5,
                "modificationTime": "2023-11-10T01:10:44.205650Z"
              },
              {
                "assigner": "Red Hat",
                "severity": "high",
                "cvssV3Vector": "CVSS:3.1/AV:N/AC:L/PR:N/UI:N/S:U/C:H/I:N/A:N",
                "cvssV3BaseScore": 7.5,
                "modificationTime": "2023-11-11T13:37:17.315978Z"
              }
            ],
            "description": "## Overview\n\nAffected versions of this package are vulnerable to Missing Cryptographic Step when the `EVP_EncryptInit_ex2()`, `EVP_DecryptInit_ex2()` or `EVP_CipherInit_ex2()` functions are used. An attacker can cause truncation or overreading of key and initialization vector (IV) lengths by altering the \"keylen\" or \"ivlen\" parameters within the `OSSL_PARAM` array after the key and IV have been established. This can lead to potential truncation or overruns during the initialization of some symmetric ciphers, such as RC2, RC4, RC5, CCM, GCM, and OCB. A truncation in the IV can result in non-uniqueness, which could result in loss of confidentiality for some cipher modes. \r\n\r\nBoth truncations and overruns of the key and the IV will produce incorrect results and could, in some cases, trigger a memory exception.\n## Remediation\nUpgrade `cryptography` to version 41.0.5 or higher.\n## References\n- [GitHub Commit](https://github.com/openssl/openssl/commit/0df40630850fb2740e6be6890bb905d3fc623b2d)\n- [GitHub Commit](https://github.com/openssl/openssl/commit/5f69f5c65e483928c4b28ed16af6e5742929f1ee)\n- [Security Advisory](https://www.openssl.org/news/secadv/20231024.txt)\n",
            "epssDetails": {
              "percentile": "0.28992",
              "probability": "0.00069",
              "modelVersion": "v2023.03.01"
            },
            "identifiers": {
              "CVE": [
                "CVE-2023-5363"
              ],
              "CWE": [
                "CWE-325"
              ]
            },
            "packageName": "cryptography",
            "proprietary": false,
            "creationTime": "2023-10-26T11:09:53.251418Z",
            "functions_new": [],
            "alternativeIds": [],
            "disclosureTime": "2023-10-24T15:00:00Z",
            "packageManager": "pip",
            "publicationTime": "2023-10-26T11:16:04.821225Z",
            "modificationTime": "2023-11-11T13:37:17.315978Z",
            "socialTrendAlert": false,
            "packagePopularityRank": 99,
            "from": [
              "/app/nzbnotify/requirements.txt@*",
              "apprise@1.6.0",
              "requests-oauthlib@1.3.1",
              "oauthlib@3.2.2",
              "cryptography@41.0.4"
            ],
            "upgradePath": [],
            "isUpgradable": false,
            "isPatchable": false,
            "isPinnable": true,
            "isRuntime": false,
            "name": "cryptography",
            "version": "41.0.4",
            "severityWithCritical": "medium"
          },
          {
            "id": "SNYK-PYTHON-CRYPTOGRAPHY-6050294",
            "title": "Denial of Service (DoS)",
            "CVSSv3": "CVSS:3.1/AV:N/AC:L/PR:N/UI:N/S:U/C:N/I:N/A:L",
            "credit": [
              "David Benjamin"
            ],
            "semver": {
              "vulnerable": [
                "[0,]"
              ]
            },
            "exploit": "Not Defined",
            "fixedIn": [],
            "patches": [],
            "insights": {
              "triageAdvice": null
            },
            "language": "python",
            "severity": "medium",
            "cvssScore": 5.3,
            "functions": [],
            "malicious": false,
            "isDisputed": false,
            "moduleName": "cryptography",
            "references": [
              {
                "url": "https://github.com/openssl/openssl/commit/db925ae2e65d0d925adef429afc37f75bd1c2017",
                "title": "GitHub Commit"
              },
              {
                "url": "https://github.com/openssl/openssl/commit/ddeb4b6c6d527e54ce9a99cba785c0f7776e54b6",
                "title": "GitHub Commit"
              },
              {
                "url": "https://github.com/openssl/openssl/commit/ec061bf8ff2add8050599058557178c03295bcc0",
                "title": "GitHub Commit"
              },
              {
                "url": "https://github.com/pyca/cryptography/commit/01d55b2af8ae167315288c03b192c59c86425009",
                "title": "GitHub Commit"
              },
              {
                "url": "https://bugzilla.redhat.com/show_bug.cgi?id=2248616",
                "title": "RedHat Bugzilla Bug"
              },
              {
                "url": "https://www.openssl.org/news/secadv/20231106.txt",
                "title": "Security Advisory"
              }
            ],
            "cvssDetails": [
              {
                "assigner": "Red Hat",
                "severity": "medium",
                "cvssV3Vector": "CVSS:3.1/AV:N/AC:L/PR:N/UI:N/S:U/C:N/I:N/A:L",
                "cvssV3BaseScore": 5.3,
                "modificationTime": "2023-11-08T13:48:19.543999Z"
              },
              {
                "assigner": "NVD",
                "severity": "high",
                "cvssV3Vector": "CVSS:3.1/AV:N/AC:L/PR:N/UI:N/S:U/C:N/I:N/A:H",
                "cvssV3BaseScore": 7.5,
                "modificationTime": "2023-11-15T01:11:01.755232Z"
              }
            ],
            "description": "## Overview\n\nAffected versions of this package are vulnerable to Denial of Service (DoS) when the `DH_generate_key()`, `DH_check_pub_key()`, `DH_check_pub_key_ex()`, `EVP_PKEY_public_check()`, and `EVP_PKEY_generate()` functions are used. An attacker can cause long delays and potentially a Denial of Service by supplying excessively long X9.42 DH keys or parameters obtained from an untrusted source. \r\n\r\n**Note:**\r\n\r\nThis is only exploitable if the application uses these functions to generate or check an X9.42 DH key or parameters. Also, the OpenSSL `pkey` command line application, when using the `-pubcheck` option, as well as the OpenSSL `genpkey` command line application, are vulnerable to this issue.\n## Remediation\nA fix was pushed into the `master` branch but not yet published.\n## References\n- [GitHub Commit](https://github.com/openssl/openssl/commit/db925ae2e65d0d925adef429afc37f75bd1c2017)\n- [GitHub Commit](https://github.com/openssl/openssl/commit/ddeb4b6c6d527e54ce9a99cba785c0f7776e54b6)\n- [GitHub Commit](https://github.com/openssl/openssl/commit/ec061bf8ff2add8050599058557178c03295bcc0)\n- [GitHub Commit](https://github.com/pyca/cryptography/commit/01d55b2af8ae167315288c03b192c59c86425009)\n- [RedHat Bugzilla Bug](https://bugzilla.redhat.com/show_bug.cgi?id=2248616)\n- [Security Advisory](https://www.openssl.org/news/secadv/20231106.txt)\n",
            "epssDetails": {
              "percentile": "0.12710",
              "probability": "0.00045",
              "modelVersion": "v2023.03.01"
            },
            "identifiers": {
              "CVE": [
                "CVE-2023-5678"
              ],
              "CWE": [
                "CWE-400"
              ]
            },
            "packageName": "cryptography",
            "proprietary": false,
            "creationTime": "2023-11-08T11:10:10.146402Z",
            "functions_new": [],
            "alternativeIds": [],
            "disclosureTime": "2023-10-24T00:00:00Z",
            "packageManager": "pip",
            "publicationTime": "2023-11-08T15:16:15.075620Z",
            "modificationTime": "2023-11-15T01:11:01.755232Z",
            "socialTrendAlert": false,
            "packagePopularityRank": 99,
            "from": [
              "/app/nzbnotify/requirements.txt@*",
              "apprise@1.6.0",
              "requests-oauthlib@1.3.1",
              "oauthlib@3.2.2",
              "cryptography@41.0.4"
            ],
            "upgradePath": [],
            "isUpgradable": false,
            "isPatchable": false,
            "isPinnable": false,
            "isRuntime": false,
            "name": "cryptography",
            "version": "41.0.4",
            "severityWithCritical": "medium"
          }
        ],
        "upgrade": {},
        "patch": {},
        "ignore": {},
        "pin": {
          "cryptography@41.0.4": {
            "upgradeTo": "cryptography@41.0.5",
            "vulns": [
              "SNYK-PYTHON-CRYPTOGRAPHY-6036192"
            ],
            "isTransitive": true
          }
        }
      },
      "filesystemPolicy": false,
      "filtered": {
        "ignore": [],
        "patch": []
      },
      "uniqueCount": 2,
      "targetFile": "/app/nzbnotify/requirements.txt",
      "projectName": "/app/nzbnotify/requirements.txt",
      "displayTargetFile": "/app/nzbnotify/requirements.txt",
      "hasUnknownVersions": false,
      "path": "linuxserver/sabnzbd:latest/app/nzbnotify/requirements.txt"
    },
    {
      "vulnerabilities": [
        {
          "id": "SNYK-PYTHON-CONFIGOBJ-3252494",
          "title": "Regular Expression Denial of Service (ReDoS)",
          "CVSSv3": "CVSS:3.1/AV:N/AC:H/PR:N/UI:N/S:U/C:N/I:N/A:L/E:P",
          "credit": [
            "DarkTinia"
          ],
          "semver": {
            "vulnerable": [
              "[0,]"
            ]
          },
          "exploit": "Proof of Concept",
          "fixedIn": [],
          "patches": [],
          "insights": {
            "triageAdvice": null
          },
          "language": "python",
          "severity": "low",
          "cvssScore": 3.7,
          "functions": [],
          "malicious": false,
          "isDisputed": false,
          "moduleName": "configobj",
          "references": [
            {
              "url": "https://github.com/DiffSK/configobj/issues/232",
              "title": "GitHub Issue"
            },
            {
              "url": "https://github.com/DiffSK/configobj/pull/236",
              "title": "GitHub PR"
            }
          ],
          "cvssDetails": [
            {
              "assigner": "NVD",
              "severity": "medium",
              "cvssV3Vector": "CVSS:3.1/AV:N/AC:H/PR:N/UI:N/S:U/C:N/I:N/A:H",
              "cvssV3BaseScore": 5.9,
              "modificationTime": "2023-04-11T01:10:03.165743Z"
            },
            {
              "assigner": "Red Hat",
              "severity": "medium",
              "cvssV3Vector": "CVSS:3.1/AV:N/AC:H/PR:N/UI:N/S:U/C:N/I:N/A:H",
              "cvssV3BaseScore": 5.9,
              "modificationTime": "2023-07-20T13:48:44.685768Z"
            },
            {
              "assigner": "SUSE",
              "severity": "low",
              "cvssV3Vector": "CVSS:3.1/AV:N/AC:H/PR:N/UI:N/S:U/C:N/I:N/A:L",
              "cvssV3BaseScore": 3.7,
              "modificationTime": "2023-08-23T11:05:09.377032Z"
            }
          ],
          "description": "## Overview\n[configobj](https://pypi.org/project/configobj) is a Config file reading, writing and validation.\n\nAffected versions of this package are vulnerable to Regular Expression Denial of Service (ReDoS) via the `validate` function, using `(.+?)\\((.*)\\)`.\r\n\r\n**Note:** This is only exploitable in the case of a developer, putting the offending value in a server side configuration file.\r\n\r\n## PoC\r\n```py\r\nfrom configobj.validate import Validator\r\nvalue = \"aaa\"\r\ni = 10\r\nattack = '\\x00'*16510*i + ')' + '('*16510*i\r\nvtor = Validator()\r\nnewval1 = vtor.check(attack, value)\r\n```\n\n## Details\n\nDenial of Service (DoS) describes a family of attacks, all aimed at making a system inaccessible to its original and legitimate users. There are many types of DoS attacks, ranging from trying to clog the network pipes to the system by generating a large volume of traffic from many machines (a Distributed Denial of Service - DDoS - attack) to sending crafted requests that cause a system to crash or take a disproportional amount of time to process.\n\nThe Regular expression Denial of Service (ReDoS) is a type of Denial of Service attack. Regular expressions are incredibly powerful, but they aren't very intuitive and can ultimately end up making it easy for attackers to take your site down.\n\nLet’s take the following regular expression as an example:\n```js\nregex = /A(B|C+)+D/\n```\n\nThis regular expression accomplishes the following:\n- `A` The string must start with the letter 'A'\n- `(B|C+)+` The string must then follow the letter A with either the letter 'B' or some number of occurrences of the letter 'C' (the `+` matches one or more times). The `+` at the end of this section states that we can look for one or more matches of this section.\n- `D` Finally, we ensure this section of the string ends with a 'D'\n\nThe expression would match inputs such as `ABBD`, `ABCCCCD`, `ABCBCCCD` and `ACCCCCD`\n\nIt most cases, it doesn't take very long for a regex engine to find a match:\n\n```bash\n$ time node -e '/A(B|C+)+D/.test(\"ACCCCCCCCCCCCCCCCCCCCCCCCCCCCD\")'\n0.04s user 0.01s system 95% cpu 0.052 total\n\n$ time node -e '/A(B|C+)+D/.test(\"ACCCCCCCCCCCCCCCCCCCCCCCCCCCCX\")'\n1.79s user 0.02s system 99% cpu 1.812 total\n```\n\nThe entire process of testing it against a 30 characters long string takes around ~52ms. But when given an invalid string, it takes nearly two seconds to complete the test, over ten times as long as it took to test a valid string. The dramatic difference is due to the way regular expressions get evaluated.\n\nMost Regex engines will work very similarly (with minor differences). The engine will match the first possible way to accept the current character and proceed to the next one. If it then fails to match the next one, it will backtrack and see if there was another way to digest the previous character. If it goes too far down the rabbit hole only to find out the string doesn’t match in the end, and if many characters have multiple valid regex paths, the number of backtracking steps can become very large, resulting in what is known as _catastrophic backtracking_.\n\nLet's look at how our expression runs into this problem, using a shorter string: \"ACCCX\". While it seems fairly straightforward, there are still four different ways that the engine could match those three C's:\n1. CCC\n2. CC+C\n3. C+CC\n4. C+C+C.\n\nThe engine has to try each of those combinations to see if any of them potentially match against the expression. When you combine that with the other steps the engine must take, we can use [RegEx 101 debugger](https://regex101.com/debugger) to see the engine has to take a total of 38 steps before it can determine the string doesn't match.\n\nFrom there, the number of steps the engine must use to validate a string just continues to grow.\n\n| String | Number of C's | Number of steps |\n| -------|-------------:| -----:|\n| ACCCX | 3 | 38\n| ACCCCX | 4 | 71\n| ACCCCCX | 5 | 136\n| ACCCCCCCCCCCCCCX | 14 | 65,553\n\n\nBy the time the string includes 14 C's, the engine has to take over 65,000 steps just to see if the string is valid. These extreme situations can cause them to work very slowly (exponentially related to input size, as shown above), allowing an attacker to exploit this and can cause the service to excessively consume CPU, resulting in a Denial of Service.\n\n## Remediation\nThere is no fixed version for `configobj`.\n## References\n- [GitHub Issue](https://github.com/DiffSK/configobj/issues/232)\n- [GitHub PR](https://github.com/DiffSK/configobj/pull/236)\n",
          "epssDetails": {
            "percentile": "0.13973",
            "probability": "0.00046",
            "modelVersion": "v2023.03.01"
          },
          "identifiers": {
            "CVE": [
              "CVE-2023-26112"
            ],
            "CWE": [
              "CWE-1333"
            ]
          },
          "packageName": "configobj",
          "proprietary": true,
          "creationTime": "2023-01-29T12:57:30.257245Z",
          "functions_new": [],
          "alternativeIds": [],
          "disclosureTime": "2023-01-29T12:46:29Z",
          "packageManager": "pip",
          "publicationTime": "2023-04-02T09:12:32.864874Z",
          "modificationTime": "2023-08-23T11:05:09.377032Z",
          "socialTrendAlert": false,
          "severityWithCritical": "low",
          "from": [
            "/app/sabnzbd/requirements.txt@*",
            "configobj@5.0.8"
          ],
          "upgradePath": [],
          "isUpgradable": false,
          "isPatchable": false,
          "name": "configobj",
          "version": "5.0.8"
        },
        {
          "id": "SNYK-PYTHON-CRYPTOGRAPHY-6036192",
          "title": "Missing Cryptographic Step",
          "CVSSv3": "CVSS:3.1/AV:N/AC:L/PR:N/UI:N/S:U/C:L/I:N/A:N",
          "credit": [
            "Tony Battersby of Cybernetics"
          ],
          "semver": {
            "vulnerable": [
              "[,41.0.5)"
            ]
          },
          "exploit": "Not Defined",
          "fixedIn": [
            "41.0.5"
          ],
          "patches": [],
          "insights": {
            "triageAdvice": null
          },
          "language": "python",
          "severity": "medium",
          "cvssScore": 5.3,
          "functions": [],
          "malicious": false,
          "isDisputed": false,
          "moduleName": "cryptography",
          "references": [
            {
              "url": "https://github.com/openssl/openssl/commit/0df40630850fb2740e6be6890bb905d3fc623b2d",
              "title": "GitHub Commit"
            },
            {
              "url": "https://github.com/openssl/openssl/commit/5f69f5c65e483928c4b28ed16af6e5742929f1ee",
              "title": "GitHub Commit"
            },
            {
              "url": "https://www.openssl.org/news/secadv/20231024.txt",
              "title": "Security Advisory"
            }
          ],
          "cvssDetails": [
            {
              "assigner": "SUSE",
              "severity": "high",
              "cvssV3Vector": "CVSS:3.1/AV:N/AC:L/PR:N/UI:N/S:U/C:H/I:N/A:N",
              "cvssV3BaseScore": 7.5,
              "modificationTime": "2023-10-26T11:01:48.943152Z"
            },
            {
              "assigner": "NVD",
              "severity": "high",
              "cvssV3Vector": "CVSS:3.1/AV:N/AC:L/PR:N/UI:N/S:U/C:H/I:N/A:N",
              "cvssV3BaseScore": 7.5,
              "modificationTime": "2023-11-10T01:10:44.205650Z"
            },
            {
              "assigner": "Red Hat",
              "severity": "high",
              "cvssV3Vector": "CVSS:3.1/AV:N/AC:L/PR:N/UI:N/S:U/C:H/I:N/A:N",
              "cvssV3BaseScore": 7.5,
              "modificationTime": "2023-11-11T13:37:17.315978Z"
            }
          ],
          "description": "## Overview\n\nAffected versions of this package are vulnerable to Missing Cryptographic Step when the `EVP_EncryptInit_ex2()`, `EVP_DecryptInit_ex2()` or `EVP_CipherInit_ex2()` functions are used. An attacker can cause truncation or overreading of key and initialization vector (IV) lengths by altering the \"keylen\" or \"ivlen\" parameters within the `OSSL_PARAM` array after the key and IV have been established. This can lead to potential truncation or overruns during the initialization of some symmetric ciphers, such as RC2, RC4, RC5, CCM, GCM, and OCB. A truncation in the IV can result in non-uniqueness, which could result in loss of confidentiality for some cipher modes. \r\n\r\nBoth truncations and overruns of the key and the IV will produce incorrect results and could, in some cases, trigger a memory exception.\n## Remediation\nUpgrade `cryptography` to version 41.0.5 or higher.\n## References\n- [GitHub Commit](https://github.com/openssl/openssl/commit/0df40630850fb2740e6be6890bb905d3fc623b2d)\n- [GitHub Commit](https://github.com/openssl/openssl/commit/5f69f5c65e483928c4b28ed16af6e5742929f1ee)\n- [Security Advisory](https://www.openssl.org/news/secadv/20231024.txt)\n",
          "epssDetails": {
            "percentile": "0.28992",
            "probability": "0.00069",
            "modelVersion": "v2023.03.01"
          },
          "identifiers": {
            "CVE": [
              "CVE-2023-5363"
            ],
            "CWE": [
              "CWE-325"
            ]
          },
          "packageName": "cryptography",
          "proprietary": false,
          "creationTime": "2023-10-26T11:09:53.251418Z",
          "functions_new": [],
          "alternativeIds": [],
          "disclosureTime": "2023-10-24T15:00:00Z",
          "packageManager": "pip",
          "publicationTime": "2023-10-26T11:16:04.821225Z",
          "modificationTime": "2023-11-11T13:37:17.315978Z",
          "socialTrendAlert": false,
          "severityWithCritical": "medium",
          "from": [
            "/app/sabnzbd/requirements.txt@*",
            "cryptography@41.0.4"
          ],
          "upgradePath": [],
          "isUpgradable": false,
          "isPatchable": false,
          "name": "cryptography",
          "version": "41.0.4"
        },
        {
          "id": "SNYK-PYTHON-CRYPTOGRAPHY-6050294",
          "title": "Denial of Service (DoS)",
          "CVSSv3": "CVSS:3.1/AV:N/AC:L/PR:N/UI:N/S:U/C:N/I:N/A:L",
          "credit": [
            "David Benjamin"
          ],
          "semver": {
            "vulnerable": [
              "[0,]"
            ]
          },
          "exploit": "Not Defined",
          "fixedIn": [],
          "patches": [],
          "insights": {
            "triageAdvice": null
          },
          "language": "python",
          "severity": "medium",
          "cvssScore": 5.3,
          "functions": [],
          "malicious": false,
          "isDisputed": false,
          "moduleName": "cryptography",
          "references": [
            {
              "url": "https://github.com/openssl/openssl/commit/db925ae2e65d0d925adef429afc37f75bd1c2017",
              "title": "GitHub Commit"
            },
            {
              "url": "https://github.com/openssl/openssl/commit/ddeb4b6c6d527e54ce9a99cba785c0f7776e54b6",
              "title": "GitHub Commit"
            },
            {
              "url": "https://github.com/openssl/openssl/commit/ec061bf8ff2add8050599058557178c03295bcc0",
              "title": "GitHub Commit"
            },
            {
              "url": "https://github.com/pyca/cryptography/commit/01d55b2af8ae167315288c03b192c59c86425009",
              "title": "GitHub Commit"
            },
            {
              "url": "https://bugzilla.redhat.com/show_bug.cgi?id=2248616",
              "title": "RedHat Bugzilla Bug"
            },
            {
              "url": "https://www.openssl.org/news/secadv/20231106.txt",
              "title": "Security Advisory"
            }
          ],
          "cvssDetails": [
            {
              "assigner": "Red Hat",
              "severity": "medium",
              "cvssV3Vector": "CVSS:3.1/AV:N/AC:L/PR:N/UI:N/S:U/C:N/I:N/A:L",
              "cvssV3BaseScore": 5.3,
              "modificationTime": "2023-11-08T13:48:19.543999Z"
            },
            {
              "assigner": "NVD",
              "severity": "high",
              "cvssV3Vector": "CVSS:3.1/AV:N/AC:L/PR:N/UI:N/S:U/C:N/I:N/A:H",
              "cvssV3BaseScore": 7.5,
              "modificationTime": "2023-11-15T01:11:01.755232Z"
            }
          ],
          "description": "## Overview\n\nAffected versions of this package are vulnerable to Denial of Service (DoS) when the `DH_generate_key()`, `DH_check_pub_key()`, `DH_check_pub_key_ex()`, `EVP_PKEY_public_check()`, and `EVP_PKEY_generate()` functions are used. An attacker can cause long delays and potentially a Denial of Service by supplying excessively long X9.42 DH keys or parameters obtained from an untrusted source. \r\n\r\n**Note:**\r\n\r\nThis is only exploitable if the application uses these functions to generate or check an X9.42 DH key or parameters. Also, the OpenSSL `pkey` command line application, when using the `-pubcheck` option, as well as the OpenSSL `genpkey` command line application, are vulnerable to this issue.\n## Remediation\nA fix was pushed into the `master` branch but not yet published.\n## References\n- [GitHub Commit](https://github.com/openssl/openssl/commit/db925ae2e65d0d925adef429afc37f75bd1c2017)\n- [GitHub Commit](https://github.com/openssl/openssl/commit/ddeb4b6c6d527e54ce9a99cba785c0f7776e54b6)\n- [GitHub Commit](https://github.com/openssl/openssl/commit/ec061bf8ff2add8050599058557178c03295bcc0)\n- [GitHub Commit](https://github.com/pyca/cryptography/commit/01d55b2af8ae167315288c03b192c59c86425009)\n- [RedHat Bugzilla Bug](https://bugzilla.redhat.com/show_bug.cgi?id=2248616)\n- [Security Advisory](https://www.openssl.org/news/secadv/20231106.txt)\n",
          "epssDetails": {
            "percentile": "0.12710",
            "probability": "0.00045",
            "modelVersion": "v2023.03.01"
          },
          "identifiers": {
            "CVE": [
              "CVE-2023-5678"
            ],
            "CWE": [
              "CWE-400"
            ]
          },
          "packageName": "cryptography",
          "proprietary": false,
          "creationTime": "2023-11-08T11:10:10.146402Z",
          "functions_new": [],
          "alternativeIds": [],
          "disclosureTime": "2023-10-24T00:00:00Z",
          "packageManager": "pip",
          "publicationTime": "2023-11-08T15:16:15.075620Z",
          "modificationTime": "2023-11-15T01:11:01.755232Z",
          "socialTrendAlert": false,
          "severityWithCritical": "medium",
          "from": [
            "/app/sabnzbd/requirements.txt@*",
            "cryptography@41.0.4"
          ],
          "upgradePath": [],
          "isUpgradable": false,
          "isPatchable": false,
          "name": "cryptography",
          "version": "41.0.4"
        }
      ],
      "ok": false,
      "dependencyCount": 34,
      "org": "intman32",
      "policy": "# Snyk (https://snyk.io) policy file, patches or ignores known vulnerabilities.\nversion: v1.25.1\nignore: {}\npatch: {}\n",
      "isPrivate": true,
      "licensesPolicy": {
        "severities": {},
        "orgLicenseRules": {
          "AGPL-1.0": {
            "licenseType": "AGPL-1.0",
            "severity": "high",
            "instructions": ""
          },
          "AGPL-3.0": {
            "licenseType": "AGPL-3.0",
            "severity": "high",
            "instructions": ""
          },
          "Artistic-1.0": {
            "licenseType": "Artistic-1.0",
            "severity": "medium",
            "instructions": ""
          },
          "Artistic-2.0": {
            "licenseType": "Artistic-2.0",
            "severity": "medium",
            "instructions": ""
          },
          "CDDL-1.0": {
            "licenseType": "CDDL-1.0",
            "severity": "medium",
            "instructions": ""
          },
          "CPOL-1.02": {
            "licenseType": "CPOL-1.02",
            "severity": "high",
            "instructions": ""
          },
          "EPL-1.0": {
            "licenseType": "EPL-1.0",
            "severity": "medium",
            "instructions": ""
          },
          "GPL-2.0": {
            "licenseType": "GPL-2.0",
            "severity": "high",
            "instructions": ""
          },
          "GPL-3.0": {
            "licenseType": "GPL-3.0",
            "severity": "high",
            "instructions": ""
          },
          "LGPL-2.0": {
            "licenseType": "LGPL-2.0",
            "severity": "medium",
            "instructions": ""
          },
          "LGPL-2.1": {
            "licenseType": "LGPL-2.1",
            "severity": "medium",
            "instructions": ""
          },
          "LGPL-3.0": {
            "licenseType": "LGPL-3.0",
            "severity": "medium",
            "instructions": ""
          },
          "MPL-1.1": {
            "licenseType": "MPL-1.1",
            "severity": "medium",
            "instructions": ""
          },
          "MPL-2.0": {
            "licenseType": "MPL-2.0",
            "severity": "medium",
            "instructions": ""
          },
          "MS-RL": {
            "licenseType": "MS-RL",
            "severity": "medium",
            "instructions": ""
          },
          "SimPL-2.0": {
            "licenseType": "SimPL-2.0",
            "severity": "high",
            "instructions": ""
          }
        }
      },
      "packageManager": "pip",
      "ignoreSettings": {
        "adminOnly": false,
        "reasonRequired": false,
        "disregardFilesystemIgnores": false
      },
      "docker": {},
      "summary": "3 vulnerable dependency paths",
      "remediation": {
        "unresolved": [
          {
            "id": "SNYK-PYTHON-CONFIGOBJ-3252494",
            "title": "Regular Expression Denial of Service (ReDoS)",
            "CVSSv3": "CVSS:3.1/AV:N/AC:H/PR:N/UI:N/S:U/C:N/I:N/A:L/E:P",
            "credit": [
              "DarkTinia"
            ],
            "semver": {
              "vulnerable": [
                "[0,]"
              ]
            },
            "exploit": "Proof of Concept",
            "fixedIn": [],
            "patches": [],
            "insights": {
              "triageAdvice": null
            },
            "language": "python",
            "severity": "low",
            "cvssScore": 3.7,
            "functions": [],
            "malicious": false,
            "isDisputed": false,
            "moduleName": "configobj",
            "references": [
              {
                "url": "https://github.com/DiffSK/configobj/issues/232",
                "title": "GitHub Issue"
              },
              {
                "url": "https://github.com/DiffSK/configobj/pull/236",
                "title": "GitHub PR"
              }
            ],
            "cvssDetails": [
              {
                "assigner": "NVD",
                "severity": "medium",
                "cvssV3Vector": "CVSS:3.1/AV:N/AC:H/PR:N/UI:N/S:U/C:N/I:N/A:H",
                "cvssV3BaseScore": 5.9,
                "modificationTime": "2023-04-11T01:10:03.165743Z"
              },
              {
                "assigner": "Red Hat",
                "severity": "medium",
                "cvssV3Vector": "CVSS:3.1/AV:N/AC:H/PR:N/UI:N/S:U/C:N/I:N/A:H",
                "cvssV3BaseScore": 5.9,
                "modificationTime": "2023-07-20T13:48:44.685768Z"
              },
              {
                "assigner": "SUSE",
                "severity": "low",
                "cvssV3Vector": "CVSS:3.1/AV:N/AC:H/PR:N/UI:N/S:U/C:N/I:N/A:L",
                "cvssV3BaseScore": 3.7,
                "modificationTime": "2023-08-23T11:05:09.377032Z"
              }
            ],
            "description": "## Overview\n[configobj](https://pypi.org/project/configobj) is a Config file reading, writing and validation.\n\nAffected versions of this package are vulnerable to Regular Expression Denial of Service (ReDoS) via the `validate` function, using `(.+?)\\((.*)\\)`.\r\n\r\n**Note:** This is only exploitable in the case of a developer, putting the offending value in a server side configuration file.\r\n\r\n## PoC\r\n```py\r\nfrom configobj.validate import Validator\r\nvalue = \"aaa\"\r\ni = 10\r\nattack = '\\x00'*16510*i + ')' + '('*16510*i\r\nvtor = Validator()\r\nnewval1 = vtor.check(attack, value)\r\n```\n\n## Details\n\nDenial of Service (DoS) describes a family of attacks, all aimed at making a system inaccessible to its original and legitimate users. There are many types of DoS attacks, ranging from trying to clog the network pipes to the system by generating a large volume of traffic from many machines (a Distributed Denial of Service - DDoS - attack) to sending crafted requests that cause a system to crash or take a disproportional amount of time to process.\n\nThe Regular expression Denial of Service (ReDoS) is a type of Denial of Service attack. Regular expressions are incredibly powerful, but they aren't very intuitive and can ultimately end up making it easy for attackers to take your site down.\n\nLet’s take the following regular expression as an example:\n```js\nregex = /A(B|C+)+D/\n```\n\nThis regular expression accomplishes the following:\n- `A` The string must start with the letter 'A'\n- `(B|C+)+` The string must then follow the letter A with either the letter 'B' or some number of occurrences of the letter 'C' (the `+` matches one or more times). The `+` at the end of this section states that we can look for one or more matches of this section.\n- `D` Finally, we ensure this section of the string ends with a 'D'\n\nThe expression would match inputs such as `ABBD`, `ABCCCCD`, `ABCBCCCD` and `ACCCCCD`\n\nIt most cases, it doesn't take very long for a regex engine to find a match:\n\n```bash\n$ time node -e '/A(B|C+)+D/.test(\"ACCCCCCCCCCCCCCCCCCCCCCCCCCCCD\")'\n0.04s user 0.01s system 95% cpu 0.052 total\n\n$ time node -e '/A(B|C+)+D/.test(\"ACCCCCCCCCCCCCCCCCCCCCCCCCCCCX\")'\n1.79s user 0.02s system 99% cpu 1.812 total\n```\n\nThe entire process of testing it against a 30 characters long string takes around ~52ms. But when given an invalid string, it takes nearly two seconds to complete the test, over ten times as long as it took to test a valid string. The dramatic difference is due to the way regular expressions get evaluated.\n\nMost Regex engines will work very similarly (with minor differences). The engine will match the first possible way to accept the current character and proceed to the next one. If it then fails to match the next one, it will backtrack and see if there was another way to digest the previous character. If it goes too far down the rabbit hole only to find out the string doesn’t match in the end, and if many characters have multiple valid regex paths, the number of backtracking steps can become very large, resulting in what is known as _catastrophic backtracking_.\n\nLet's look at how our expression runs into this problem, using a shorter string: \"ACCCX\". While it seems fairly straightforward, there are still four different ways that the engine could match those three C's:\n1. CCC\n2. CC+C\n3. C+CC\n4. C+C+C.\n\nThe engine has to try each of those combinations to see if any of them potentially match against the expression. When you combine that with the other steps the engine must take, we can use [RegEx 101 debugger](https://regex101.com/debugger) to see the engine has to take a total of 38 steps before it can determine the string doesn't match.\n\nFrom there, the number of steps the engine must use to validate a string just continues to grow.\n\n| String | Number of C's | Number of steps |\n| -------|-------------:| -----:|\n| ACCCX | 3 | 38\n| ACCCCX | 4 | 71\n| ACCCCCX | 5 | 136\n| ACCCCCCCCCCCCCCX | 14 | 65,553\n\n\nBy the time the string includes 14 C's, the engine has to take over 65,000 steps just to see if the string is valid. These extreme situations can cause them to work very slowly (exponentially related to input size, as shown above), allowing an attacker to exploit this and can cause the service to excessively consume CPU, resulting in a Denial of Service.\n\n## Remediation\nThere is no fixed version for `configobj`.\n## References\n- [GitHub Issue](https://github.com/DiffSK/configobj/issues/232)\n- [GitHub PR](https://github.com/DiffSK/configobj/pull/236)\n",
            "epssDetails": {
              "percentile": "0.13973",
              "probability": "0.00046",
              "modelVersion": "v2023.03.01"
            },
            "identifiers": {
              "CVE": [
                "CVE-2023-26112"
              ],
              "CWE": [
                "CWE-1333"
              ]
            },
            "packageName": "configobj",
            "proprietary": true,
            "creationTime": "2023-01-29T12:57:30.257245Z",
            "functions_new": [],
            "alternativeIds": [],
            "disclosureTime": "2023-01-29T12:46:29Z",
            "packageManager": "pip",
            "publicationTime": "2023-04-02T09:12:32.864874Z",
            "modificationTime": "2023-08-23T11:05:09.377032Z",
            "socialTrendAlert": false,
            "packagePopularityRank": 98,
            "from": [
              "/app/sabnzbd/requirements.txt@*",
              "configobj@5.0.8"
            ],
            "upgradePath": [],
            "isUpgradable": false,
            "isPatchable": false,
            "isPinnable": false,
            "isRuntime": false,
            "name": "configobj",
            "version": "5.0.8",
            "severityWithCritical": "low"
          },
          {
            "id": "SNYK-PYTHON-CRYPTOGRAPHY-6036192",
            "title": "Missing Cryptographic Step",
            "CVSSv3": "CVSS:3.1/AV:N/AC:L/PR:N/UI:N/S:U/C:L/I:N/A:N",
            "credit": [
              "Tony Battersby of Cybernetics"
            ],
            "semver": {
              "vulnerable": [
                "[,41.0.5)"
              ]
            },
            "exploit": "Not Defined",
            "fixedIn": [
              "41.0.5"
            ],
            "patches": [],
            "insights": {
              "triageAdvice": null
            },
            "language": "python",
            "severity": "medium",
            "cvssScore": 5.3,
            "functions": [],
            "malicious": false,
            "isDisputed": false,
            "moduleName": "cryptography",
            "references": [
              {
                "url": "https://github.com/openssl/openssl/commit/0df40630850fb2740e6be6890bb905d3fc623b2d",
                "title": "GitHub Commit"
              },
              {
                "url": "https://github.com/openssl/openssl/commit/5f69f5c65e483928c4b28ed16af6e5742929f1ee",
                "title": "GitHub Commit"
              },
              {
                "url": "https://www.openssl.org/news/secadv/20231024.txt",
                "title": "Security Advisory"
              }
            ],
            "cvssDetails": [
              {
                "assigner": "SUSE",
                "severity": "high",
                "cvssV3Vector": "CVSS:3.1/AV:N/AC:L/PR:N/UI:N/S:U/C:H/I:N/A:N",
                "cvssV3BaseScore": 7.5,
                "modificationTime": "2023-10-26T11:01:48.943152Z"
              },
              {
                "assigner": "NVD",
                "severity": "high",
                "cvssV3Vector": "CVSS:3.1/AV:N/AC:L/PR:N/UI:N/S:U/C:H/I:N/A:N",
                "cvssV3BaseScore": 7.5,
                "modificationTime": "2023-11-10T01:10:44.205650Z"
              },
              {
                "assigner": "Red Hat",
                "severity": "high",
                "cvssV3Vector": "CVSS:3.1/AV:N/AC:L/PR:N/UI:N/S:U/C:H/I:N/A:N",
                "cvssV3BaseScore": 7.5,
                "modificationTime": "2023-11-11T13:37:17.315978Z"
              }
            ],
            "description": "## Overview\n\nAffected versions of this package are vulnerable to Missing Cryptographic Step when the `EVP_EncryptInit_ex2()`, `EVP_DecryptInit_ex2()` or `EVP_CipherInit_ex2()` functions are used. An attacker can cause truncation or overreading of key and initialization vector (IV) lengths by altering the \"keylen\" or \"ivlen\" parameters within the `OSSL_PARAM` array after the key and IV have been established. This can lead to potential truncation or overruns during the initialization of some symmetric ciphers, such as RC2, RC4, RC5, CCM, GCM, and OCB. A truncation in the IV can result in non-uniqueness, which could result in loss of confidentiality for some cipher modes. \r\n\r\nBoth truncations and overruns of the key and the IV will produce incorrect results and could, in some cases, trigger a memory exception.\n## Remediation\nUpgrade `cryptography` to version 41.0.5 or higher.\n## References\n- [GitHub Commit](https://github.com/openssl/openssl/commit/0df40630850fb2740e6be6890bb905d3fc623b2d)\n- [GitHub Commit](https://github.com/openssl/openssl/commit/5f69f5c65e483928c4b28ed16af6e5742929f1ee)\n- [Security Advisory](https://www.openssl.org/news/secadv/20231024.txt)\n",
            "epssDetails": {
              "percentile": "0.28992",
              "probability": "0.00069",
              "modelVersion": "v2023.03.01"
            },
            "identifiers": {
              "CVE": [
                "CVE-2023-5363"
              ],
              "CWE": [
                "CWE-325"
              ]
            },
            "packageName": "cryptography",
            "proprietary": false,
            "creationTime": "2023-10-26T11:09:53.251418Z",
            "functions_new": [],
            "alternativeIds": [],
            "disclosureTime": "2023-10-24T15:00:00Z",
            "packageManager": "pip",
            "publicationTime": "2023-10-26T11:16:04.821225Z",
            "modificationTime": "2023-11-11T13:37:17.315978Z",
            "socialTrendAlert": false,
            "packagePopularityRank": 99,
            "from": [
              "/app/sabnzbd/requirements.txt@*",
              "cryptography@41.0.4"
            ],
            "upgradePath": [],
            "isUpgradable": false,
            "isPatchable": false,
            "isPinnable": true,
            "isRuntime": false,
            "name": "cryptography",
            "version": "41.0.4",
            "severityWithCritical": "medium"
          },
          {
            "id": "SNYK-PYTHON-CRYPTOGRAPHY-6050294",
            "title": "Denial of Service (DoS)",
            "CVSSv3": "CVSS:3.1/AV:N/AC:L/PR:N/UI:N/S:U/C:N/I:N/A:L",
            "credit": [
              "David Benjamin"
            ],
            "semver": {
              "vulnerable": [
                "[0,]"
              ]
            },
            "exploit": "Not Defined",
            "fixedIn": [],
            "patches": [],
            "insights": {
              "triageAdvice": null
            },
            "language": "python",
            "severity": "medium",
            "cvssScore": 5.3,
            "functions": [],
            "malicious": false,
            "isDisputed": false,
            "moduleName": "cryptography",
            "references": [
              {
                "url": "https://github.com/openssl/openssl/commit/db925ae2e65d0d925adef429afc37f75bd1c2017",
                "title": "GitHub Commit"
              },
              {
                "url": "https://github.com/openssl/openssl/commit/ddeb4b6c6d527e54ce9a99cba785c0f7776e54b6",
                "title": "GitHub Commit"
              },
              {
                "url": "https://github.com/openssl/openssl/commit/ec061bf8ff2add8050599058557178c03295bcc0",
                "title": "GitHub Commit"
              },
              {
                "url": "https://github.com/pyca/cryptography/commit/01d55b2af8ae167315288c03b192c59c86425009",
                "title": "GitHub Commit"
              },
              {
                "url": "https://bugzilla.redhat.com/show_bug.cgi?id=2248616",
                "title": "RedHat Bugzilla Bug"
              },
              {
                "url": "https://www.openssl.org/news/secadv/20231106.txt",
                "title": "Security Advisory"
              }
            ],
            "cvssDetails": [
              {
                "assigner": "Red Hat",
                "severity": "medium",
                "cvssV3Vector": "CVSS:3.1/AV:N/AC:L/PR:N/UI:N/S:U/C:N/I:N/A:L",
                "cvssV3BaseScore": 5.3,
                "modificationTime": "2023-11-08T13:48:19.543999Z"
              },
              {
                "assigner": "NVD",
                "severity": "high",
                "cvssV3Vector": "CVSS:3.1/AV:N/AC:L/PR:N/UI:N/S:U/C:N/I:N/A:H",
                "cvssV3BaseScore": 7.5,
                "modificationTime": "2023-11-15T01:11:01.755232Z"
              }
            ],
            "description": "## Overview\n\nAffected versions of this package are vulnerable to Denial of Service (DoS) when the `DH_generate_key()`, `DH_check_pub_key()`, `DH_check_pub_key_ex()`, `EVP_PKEY_public_check()`, and `EVP_PKEY_generate()` functions are used. An attacker can cause long delays and potentially a Denial of Service by supplying excessively long X9.42 DH keys or parameters obtained from an untrusted source. \r\n\r\n**Note:**\r\n\r\nThis is only exploitable if the application uses these functions to generate or check an X9.42 DH key or parameters. Also, the OpenSSL `pkey` command line application, when using the `-pubcheck` option, as well as the OpenSSL `genpkey` command line application, are vulnerable to this issue.\n## Remediation\nA fix was pushed into the `master` branch but not yet published.\n## References\n- [GitHub Commit](https://github.com/openssl/openssl/commit/db925ae2e65d0d925adef429afc37f75bd1c2017)\n- [GitHub Commit](https://github.com/openssl/openssl/commit/ddeb4b6c6d527e54ce9a99cba785c0f7776e54b6)\n- [GitHub Commit](https://github.com/openssl/openssl/commit/ec061bf8ff2add8050599058557178c03295bcc0)\n- [GitHub Commit](https://github.com/pyca/cryptography/commit/01d55b2af8ae167315288c03b192c59c86425009)\n- [RedHat Bugzilla Bug](https://bugzilla.redhat.com/show_bug.cgi?id=2248616)\n- [Security Advisory](https://www.openssl.org/news/secadv/20231106.txt)\n",
            "epssDetails": {
              "percentile": "0.12710",
              "probability": "0.00045",
              "modelVersion": "v2023.03.01"
            },
            "identifiers": {
              "CVE": [
                "CVE-2023-5678"
              ],
              "CWE": [
                "CWE-400"
              ]
            },
            "packageName": "cryptography",
            "proprietary": false,
            "creationTime": "2023-11-08T11:10:10.146402Z",
            "functions_new": [],
            "alternativeIds": [],
            "disclosureTime": "2023-10-24T00:00:00Z",
            "packageManager": "pip",
            "publicationTime": "2023-11-08T15:16:15.075620Z",
            "modificationTime": "2023-11-15T01:11:01.755232Z",
            "socialTrendAlert": false,
            "packagePopularityRank": 99,
            "from": [
              "/app/sabnzbd/requirements.txt@*",
              "cryptography@41.0.4"
            ],
            "upgradePath": [],
            "isUpgradable": false,
            "isPatchable": false,
            "isPinnable": false,
            "isRuntime": false,
            "name": "cryptography",
            "version": "41.0.4",
            "severityWithCritical": "medium"
          }
        ],
        "upgrade": {},
        "patch": {},
        "ignore": {},
        "pin": {
          "cryptography@41.0.4": {
            "upgradeTo": "cryptography@41.0.5",
            "vulns": [
              "SNYK-PYTHON-CRYPTOGRAPHY-6036192"
            ],
            "isTransitive": false
          }
        }
      },
      "filesystemPolicy": false,
      "filtered": {
        "ignore": [],
        "patch": []
      },
      "uniqueCount": 3,
      "targetFile": "/app/sabnzbd/requirements.txt",
      "projectName": "/app/sabnzbd/requirements.txt",
      "displayTargetFile": "/app/sabnzbd/requirements.txt",
      "hasUnknownVersions": false,
      "path": "linuxserver/sabnzbd:latest/app/sabnzbd/requirements.txt"
    },
    {
      "vulnerabilities": [],
      "ok": true,
      "dependencyCount": 8,
      "org": "intman32",
      "policy": "# Snyk (https://snyk.io) policy file, patches or ignores known vulnerabilities.\nversion: v1.25.1\nignore: {}\npatch: {}\n",
      "isPrivate": true,
      "licensesPolicy": {
        "severities": {},
        "orgLicenseRules": {
          "AGPL-1.0": {
            "licenseType": "AGPL-1.0",
            "severity": "high",
            "instructions": ""
          },
          "AGPL-3.0": {
            "licenseType": "AGPL-3.0",
            "severity": "high",
            "instructions": ""
          },
          "Artistic-1.0": {
            "licenseType": "Artistic-1.0",
            "severity": "medium",
            "instructions": ""
          },
          "Artistic-2.0": {
            "licenseType": "Artistic-2.0",
            "severity": "medium",
            "instructions": ""
          },
          "CDDL-1.0": {
            "licenseType": "CDDL-1.0",
            "severity": "medium",
            "instructions": ""
          },
          "CPOL-1.02": {
            "licenseType": "CPOL-1.02",
            "severity": "high",
            "instructions": ""
          },
          "EPL-1.0": {
            "licenseType": "EPL-1.0",
            "severity": "medium",
            "instructions": ""
          },
          "GPL-2.0": {
            "licenseType": "GPL-2.0",
            "severity": "high",
            "instructions": ""
          },
          "GPL-3.0": {
            "licenseType": "GPL-3.0",
            "severity": "high",
            "instructions": ""
          },
          "LGPL-2.0": {
            "licenseType": "LGPL-2.0",
            "severity": "medium",
            "instructions": ""
          },
          "LGPL-2.1": {
            "licenseType": "LGPL-2.1",
            "severity": "medium",
            "instructions": ""
          },
          "LGPL-3.0": {
            "licenseType": "LGPL-3.0",
            "severity": "medium",
            "instructions": ""
          },
          "MPL-1.1": {
            "licenseType": "MPL-1.1",
            "severity": "medium",
            "instructions": ""
          },
          "MPL-2.0": {
            "licenseType": "MPL-2.0",
            "severity": "medium",
            "instructions": ""
          },
          "MS-RL": {
            "licenseType": "MS-RL",
            "severity": "medium",
            "instructions": ""
          },
          "SimPL-2.0": {
            "licenseType": "SimPL-2.0",
            "severity": "high",
            "instructions": ""
          }
        }
      },
      "packageManager": "pip",
      "ignoreSettings": {
        "adminOnly": false,
        "reasonRequired": false,
        "disregardFilesystemIgnores": false
      },
      "docker": {},
      "summary": "No known vulnerabilities",
      "filesystemPolicy": false,
      "uniqueCount": 0,
      "targetFile": "/app/sabnzbd/tests/requirements.txt",
      "projectName": "/app/sabnzbd/tests/requirements.txt",
      "displayTargetFile": "/app/sabnzbd/tests/requirements.txt",
      "hasUnknownVersions": false,
      "path": "linuxserver/sabnzbd:latest/app/sabnzbd/tests/requirements.txt"
    }
  ]
}
