{
  "vulnerabilities": [],
  "ok": true,
  "dependencyCount": 0,
  "org": "intman32",
  "policy": "# Snyk (https://snyk.io) policy file, patches or ignores known vulnerabilities.\nversion: v1.25.1\nignore: {}\npatch: {}\n",
  "isPrivate": true,
  "licensesPolicy": {
    "severities": {},
    "orgLicenseRules": {
      "AGPL-1.0": {
        "licenseType": "AGPL-1.0",
        "severity": "high",
        "instructions": ""
      },
      "AGPL-3.0": {
        "licenseType": "AGPL-3.0",
        "severity": "high",
        "instructions": ""
      },
      "Artistic-1.0": {
        "licenseType": "Artistic-1.0",
        "severity": "medium",
        "instructions": ""
      },
      "Artistic-2.0": {
        "licenseType": "Artistic-2.0",
        "severity": "medium",
        "instructions": ""
      },
      "CDDL-1.0": {
        "licenseType": "CDDL-1.0",
        "severity": "medium",
        "instructions": ""
      },
      "CPOL-1.02": {
        "licenseType": "CPOL-1.02",
        "severity": "high",
        "instructions": ""
      },
      "EPL-1.0": {
        "licenseType": "EPL-1.0",
        "severity": "medium",
        "instructions": ""
      },
      "GPL-2.0": {
        "licenseType": "GPL-2.0",
        "severity": "high",
        "instructions": ""
      },
      "GPL-3.0": {
        "licenseType": "GPL-3.0",
        "severity": "high",
        "instructions": ""
      },
      "LGPL-2.0": {
        "licenseType": "LGPL-2.0",
        "severity": "medium",
        "instructions": ""
      },
      "LGPL-2.1": {
        "licenseType": "LGPL-2.1",
        "severity": "medium",
        "instructions": ""
      },
      "LGPL-3.0": {
        "licenseType": "LGPL-3.0",
        "severity": "medium",
        "instructions": ""
      },
      "MPL-1.1": {
        "licenseType": "MPL-1.1",
        "severity": "medium",
        "instructions": ""
      },
      "MPL-2.0": {
        "licenseType": "MPL-2.0",
        "severity": "medium",
        "instructions": ""
      },
      "MS-RL": {
        "licenseType": "MS-RL",
        "severity": "medium",
        "instructions": ""
      },
      "SimPL-2.0": {
        "licenseType": "SimPL-2.0",
        "severity": "high",
        "instructions": ""
      }
    }
  },
  "packageManager": "linux",
  "ignoreSettings": {
    "adminOnly": false,
    "reasonRequired": false,
    "disregardFilesystemIgnores": false
  },
  "docker": {
    "baseImageRemediation": {
      "code": "SCRATCH_BASE_IMAGE",
      "advice": [
        {
          "message": "Note that we do not currently have vulnerability data for your image.",
          "bold": true,
          "color": "yellow"
        }
      ]
    }
  },
  "summary": "No known operating system vulnerabilities",
  "filesystemPolicy": false,
  "uniqueCount": 0,
  "projectName": "docker-image|thanosio/thanos",
  "platform": "linux/amd64",
  "hasUnknownVersions": false,
  "path": "thanosio/thanos:main-2023-11-21-edfdc13/thanos",
  "applications": [
    {
      "vulnerabilities": [
        {
          "id": "SNYK-GOLANG-GOOGLEGOLANGORGGRPC-5953328",
          "title": "Denial of Service (DoS)",
          "CVSSv3": "CVSS:3.1/AV:N/AC:L/PR:N/UI:N/S:U/C:N/I:N/A:H/E:H",
          "credit": [
            "Unknown"
          ],
          "semver": {
            "vulnerable": [
              "<1.56.3",
              ">=1.57.0 <1.57.1",
              ">=1.58.0 <1.58.3"
            ],
            "hashesRange": [
              "<v1.56.3",
              ">=v1.57.0 <v1.57.1",
              ">=v1.58.0 <v1.58.3"
            ],
            "vulnerableHashes": null
          },
          "exploit": "High",
          "fixedIn": [
            "1.56.3",
            "1.57.1",
            "1.58.3"
          ],
          "patches": [],
          "insights": {
            "triageAdvice": null
          },
          "language": "golang",
          "severity": "high",
          "cvssScore": 7.5,
          "functions": [],
          "malicious": false,
          "isDisputed": false,
          "moduleName": "google.golang.org/grpc",
          "references": [
            {
              "url": "https://github.com/helidon-io/helidon/commit/58f43670086e530750c7cb74b0bec92bf5189c79",
              "title": "Github Commit"
            },
            {
              "url": "https://github.com/apache/tomcat/commit/76bb4bfbfeae827dce896f650655bbf6e251ed49",
              "title": "GitHub Commit"
            },
            {
              "url": "https://github.com/apache/tomcat/commit/9cdfe25bad707f34b3e5da2994f3f1952a163c3e",
              "title": "GitHub Commit"
            },
            {
              "url": "https://github.com/eclipse/jetty.project/commit/dbb94514dc9d3fb21fe92080f57c314e7e06a148",
              "title": "GitHub Commit"
            },
            {
              "url": "https://github.com/gravitational/teleport/commit/15f34f927a45130408eb16ed09af5620270d4d1f",
              "title": "GitHub Commit"
            },
            {
              "url": "https://github.com/kubernetes/apimachinery/commit/be9188050914374ee8128239e5a2e5998d7897f5",
              "title": "GitHub Commit"
            },
            {
              "url": "https://github.com/netty/netty/commit/58f75f665aa81a8cbcf6ffa74820042a285c5e61",
              "title": "GitHub Commit"
            },
            {
              "url": "https://github.com/nghttp2/nghttp2/commit/72b4af6143681f528f1d237b21a9a7aee1738832",
              "title": "GitHub Commit"
            },
            {
              "url": "https://github.com/operator-framework/operator-lifecycle-manager/commit/9ec03f07f942dc9cef736957fa152e39157d6e13",
              "title": "GitHub Commit"
            },
            {
              "url": "https://snyk.io/blog/find-fix-http-2-rapid-reset-zero-day-vulnerability-cve-2023-44487/",
              "title": "Snyk Blog"
            },
            {
              "url": "https://blog.cloudflare.com/technical-breakdown-http2-rapid-reset-ddos-attack/",
              "title": "Vulnerability Discovery"
            },
            {
              "url": "https://cloud.google.com/blog/products/identity-security/how-it-works-the-novel-http2-rapid-reset-ddos-attack",
              "title": "Vulnerability Explanation"
            },
            {
              "url": "https://www.cisa.gov/known-exploited-vulnerabilities-catalog",
              "title": "CISA - Known Exploited Vulnerabilities"
            }
          ],
          "cvssDetails": [
            {
              "assigner": "NVD",
              "severity": "high",
              "cvssV3Vector": "CVSS:3.1/AV:N/AC:L/PR:N/UI:N/S:U/C:N/I:N/A:H",
              "cvssV3BaseScore": 7.5,
              "modificationTime": "2023-10-14T01:11:01.801031Z"
            },
            {
              "assigner": "SUSE",
              "severity": "high",
              "cvssV3Vector": "CVSS:3.1/AV:N/AC:L/PR:N/UI:N/S:U/C:N/I:N/A:H",
              "cvssV3BaseScore": 7.5,
              "modificationTime": "2023-10-14T11:03:27.396232Z"
            },
            {
              "assigner": "Red Hat",
              "severity": "high",
              "cvssV3Vector": "CVSS:3.1/AV:N/AC:L/PR:N/UI:N/S:U/C:N/I:N/A:H",
              "cvssV3BaseScore": 7.5,
              "modificationTime": "2023-11-08T09:43:54.280816Z"
            }
          ],
          "description": "## Overview\n[google.golang.org/grpc](https://pkg.go.dev/google.golang.org/grpc) is a Go implementation of gRPC\n\nAffected versions of this package are vulnerable to Denial of Service (DoS) in the implementation of the HTTP/2 protocol. An attacker can cause a denial of service (including via DDoS) by rapidly resetting many streams through request cancellation.\n## Remediation\nUpgrade `google.golang.org/grpc` to version 1.56.3, 1.57.1, 1.58.3 or higher.\n## References\n- [Github Commit](https://github.com/helidon-io/helidon/commit/58f43670086e530750c7cb74b0bec92bf5189c79)\n- [GitHub Commit](https://github.com/apache/tomcat/commit/76bb4bfbfeae827dce896f650655bbf6e251ed49)\n- [GitHub Commit](https://github.com/apache/tomcat/commit/9cdfe25bad707f34b3e5da2994f3f1952a163c3e)\n- [GitHub Commit](https://github.com/eclipse/jetty.project/commit/dbb94514dc9d3fb21fe92080f57c314e7e06a148)\n- [GitHub Commit](https://github.com/gravitational/teleport/commit/15f34f927a45130408eb16ed09af5620270d4d1f)\n- [GitHub Commit](https://github.com/kubernetes/apimachinery/commit/be9188050914374ee8128239e5a2e5998d7897f5)\n- [GitHub Commit](https://github.com/netty/netty/commit/58f75f665aa81a8cbcf6ffa74820042a285c5e61)\n- [GitHub Commit](https://github.com/nghttp2/nghttp2/commit/72b4af6143681f528f1d237b21a9a7aee1738832)\n- [GitHub Commit](https://github.com/operator-framework/operator-lifecycle-manager/commit/9ec03f07f942dc9cef736957fa152e39157d6e13)\n- [Snyk Blog](https://snyk.io/blog/find-fix-http-2-rapid-reset-zero-day-vulnerability-cve-2023-44487/)\n- [Vulnerability Discovery](https://blog.cloudflare.com/technical-breakdown-http2-rapid-reset-ddos-attack/)\n- [Vulnerability Explanation](https://cloud.google.com/blog/products/identity-security/how-it-works-the-novel-http2-rapid-reset-ddos-attack)\n- [CISA - Known Exploited Vulnerabilities](https://www.cisa.gov/known-exploited-vulnerabilities-catalog)\n",
          "epssDetails": {
            "percentile": "0.97205",
            "probability": "0.52748",
            "modelVersion": "v2023.03.01"
          },
          "identifiers": {
            "GO": [
              "GO-2023-2153"
            ],
            "CVE": [
              "CVE-2023-44487"
            ],
            "CWE": [
              "CWE-400"
            ],
            "GHSA": [
              "GHSA-2m7v-gc89-fjqf",
              "GHSA-jhv4-f7mr-xx76"
            ]
          },
          "packageName": "google.golang.org/grpc",
          "proprietary": false,
          "creationTime": "2023-10-10T21:24:19.659383Z",
          "functions_new": [],
          "alternativeIds": [],
          "disclosureTime": "2023-10-10T14:47:39Z",
          "packageManager": "golang",
          "publicationTime": "2023-10-11T06:03:00.595391Z",
          "modificationTime": "2023-11-18T15:25:05.118833Z",
          "socialTrendAlert": false,
          "severityWithCritical": "high",
          "from": [
            "github.com/thanos-io/thanos@*",
            "google.golang.org/grpc@v1.45.0"
          ],
          "upgradePath": [],
          "isUpgradable": false,
          "isPatchable": false,
          "name": "google.golang.org/grpc",
          "version": "v1.45.0"
        }
      ],
      "ok": false,
      "dependencyCount": 718,
      "org": "intman32",
      "policy": "# Snyk (https://snyk.io) policy file, patches or ignores known vulnerabilities.\nversion: v1.25.1\nignore: {}\npatch: {}\n",
      "isPrivate": true,
      "licensesPolicy": {
        "severities": {},
        "orgLicenseRules": {
          "AGPL-1.0": {
            "licenseType": "AGPL-1.0",
            "severity": "high",
            "instructions": ""
          },
          "AGPL-3.0": {
            "licenseType": "AGPL-3.0",
            "severity": "high",
            "instructions": ""
          },
          "Artistic-1.0": {
            "licenseType": "Artistic-1.0",
            "severity": "medium",
            "instructions": ""
          },
          "Artistic-2.0": {
            "licenseType": "Artistic-2.0",
            "severity": "medium",
            "instructions": ""
          },
          "CDDL-1.0": {
            "licenseType": "CDDL-1.0",
            "severity": "medium",
            "instructions": ""
          },
          "CPOL-1.02": {
            "licenseType": "CPOL-1.02",
            "severity": "high",
            "instructions": ""
          },
          "EPL-1.0": {
            "licenseType": "EPL-1.0",
            "severity": "medium",
            "instructions": ""
          },
          "GPL-2.0": {
            "licenseType": "GPL-2.0",
            "severity": "high",
            "instructions": ""
          },
          "GPL-3.0": {
            "licenseType": "GPL-3.0",
            "severity": "high",
            "instructions": ""
          },
          "LGPL-2.0": {
            "licenseType": "LGPL-2.0",
            "severity": "medium",
            "instructions": ""
          },
          "LGPL-2.1": {
            "licenseType": "LGPL-2.1",
            "severity": "medium",
            "instructions": ""
          },
          "LGPL-3.0": {
            "licenseType": "LGPL-3.0",
            "severity": "medium",
            "instructions": ""
          },
          "MPL-1.1": {
            "licenseType": "MPL-1.1",
            "severity": "medium",
            "instructions": ""
          },
          "MPL-2.0": {
            "licenseType": "MPL-2.0",
            "severity": "medium",
            "instructions": ""
          },
          "MS-RL": {
            "licenseType": "MS-RL",
            "severity": "medium",
            "instructions": ""
          },
          "SimPL-2.0": {
            "licenseType": "SimPL-2.0",
            "severity": "high",
            "instructions": ""
          }
        }
      },
      "packageManager": "gomodules",
      "ignoreSettings": {
        "adminOnly": false,
        "reasonRequired": false,
        "disregardFilesystemIgnores": false
      },
      "docker": {},
      "summary": "1 vulnerable dependency path",
      "filesystemPolicy": false,
      "filtered": {
        "ignore": [],
        "patch": []
      },
      "uniqueCount": 1,
      "targetFile": "/bin/thanos",
      "projectName": "github.com/thanos-io/thanos",
      "displayTargetFile": "/bin/thanos",
      "hasUnknownVersions": false,
      "path": "thanosio/thanos:main-2023-11-21-edfdc13/thanos-io/thanos"
    }
  ]
}
